entry	name	size	thunk	external	calling_convention	signature
200000c0	__main	8	false	false	unknown	undefined __main()
200000c8	main	4	true	false	unknown	undefined main()
200000d4	Reset_Handler	8	false	false	unknown	undefined Reset_Handler()
200000dc	NMI_Handler	2	false	false	unknown	undefined NMI_Handler()
200000e0	SVC_Handler	2	false	false	unknown	undefined SVC_Handler()
200000e2	PendSV_Handler	2	false	false	unknown	undefined PendSV_Handler()
200000e4	SysTick_Handler	2	false	false	unknown	undefined SysTick_Handler()
200000ea	IRQ1_Handler	4	true	false	unknown	undefined IRQ1_Handler()
200000ee	IRQ2_Handler	4	true	false	unknown	undefined IRQ2_Handler()
200000f2	IRQ3_Handler	4	true	false	unknown	undefined IRQ3_Handler()
200000f6	IRQ4_Handler	4	true	false	unknown	undefined IRQ4_Handler()
200000fa	IRQ5_Handler	4	true	false	unknown	undefined IRQ5_Handler()
200000fe	IRQ6_Handler	4	true	false	unknown	undefined IRQ6_Handler()
20000102	IRQ7_Handler	4	true	false	unknown	undefined IRQ7_Handler()
20000106	IRQ8_Handler	4	true	false	unknown	undefined IRQ8_Handler()
2000010a	IRQ9_Handler	4	true	false	unknown	undefined IRQ9_Handler()
2000010e	IRQ10_Handler	4	true	false	unknown	undefined IRQ10_Handler()
20000112	IRQ11_Handler	4	true	false	unknown	undefined IRQ11_Handler()
2000011a	IRQ13_Handler	4	true	false	unknown	undefined IRQ13_Handler()
2000011e	IRQ14_Handler	4	true	false	unknown	undefined IRQ14_Handler()
20000122	IRQ15_Handler	4	false	false	unknown	undefined IRQ15_Handler()
20000126	IRQ16_Handler	4	false	false	unknown	undefined IRQ16_Handler()
2000012a	IRQ17_Handler	4	false	false	unknown	undefined IRQ17_Handler()
2000012e	IRQ18_Handler	4	false	false	unknown	undefined IRQ18_Handler()
20000132	IRQ19_Handler	4	false	false	unknown	undefined IRQ19_Handler()
20000136	IRQ20_Handler	4	false	false	unknown	undefined IRQ20_Handler()
2000013a	IRQ21_Handler	4	false	false	unknown	undefined IRQ21_Handler()
2000013e	IRQ22_Handler	4	true	false	unknown	undefined IRQ22_Handler()
20000142	IRQ23_Handler	4	true	false	unknown	undefined IRQ23_Handler()
20000146	IRQ24_Handler	4	true	false	unknown	undefined IRQ24_Handler()
2000014a	IRQ25_Handler	4	true	false	unknown	undefined IRQ25_Handler()
2000014e	IRQ26_Handler	4	true	false	unknown	undefined IRQ26_Handler()
2000015a	IRQ29_Handler	4	true	false	unknown	undefined IRQ29_Handler()
2000015e	IRQ30_Handler	4	true	false	unknown	undefined IRQ30_Handler()
20000162	IRQ31_Handler	4	true	false	unknown	undefined IRQ31_Handler()
20000166	__default_irq_spin	2	false	false	unknown	undefined __default_irq_spin()
200001f0	__aeabi_uidiv	44	false	false	unknown	undefined __aeabi_uidiv()
2000021c	__aeabi_idiv	40	false	false	unknown	undefined __aeabi_idiv()
20000244	__aeabi_uldivmod	96	false	false	unknown	undefined __aeabi_uldivmod()
200002a4	__aeabi_llsr	34	false	false	unknown	undefined __aeabi_llsr()
200002c6	memcpy	36	false	false	unknown	undefined memcpy()
200002ea	_memset_byte	14	false	false	unknown	undefined _memset_byte()
200002f8	__aeabi_memclr	4	false	false	unknown	undefined __aeabi_memclr()
200002fc	memset	18	false	false	unknown	undefined memset()
2000030e	read_u32_le	20	false	false	unknown	undefined read_u32_le()
20000322	write_u32_le	18	false	false	unknown	undefined write_u32_le()
20000334	__aeabi_llsl	32	false	false	unknown	undefined __aeabi_llsl()
20000354	__scatterload	36	false	false	unknown	undefined __scatterload()
20000378	__decompress1	86	false	false	unknown	undefined __decompress1()
200003d0	clock_init	76	false	false	unknown	undefined clock_init()
20000430	FUN_20000430	18	false	false	unknown	undefined FUN_20000430()
2000044c	FUN_2000044c	58	false	false	unknown	undefined FUN_2000044c()
20000490	FUN_20000490	26	false	false	unknown	undefined FUN_20000490()
200004b4	FUN_200004b4	78	false	false	unknown	undefined FUN_200004b4()
20000514	FUN_20000514	30	false	false	unknown	undefined FUN_20000514()
2000053c	FUN_2000053c	104	false	false	unknown	undefined FUN_2000053c()
200005ac	FUN_200005ac	56	false	false	unknown	undefined FUN_200005ac()
200005ec	FUN_200005ec	72	false	false	unknown	undefined FUN_200005ec()
2000063c	FUN_2000063c	174	false	false	unknown	undefined FUN_2000063c()
2000070c	FUN_2000070c	16	false	false	unknown	undefined FUN_2000070c()
20000724	FUN_20000724	34	false	false	unknown	undefined FUN_20000724()
20000758	FUN_20000758	46	false	false	unknown	undefined FUN_20000758()
20000798	FUN_20000798	30	false	false	unknown	undefined FUN_20000798()
200007bc	FUN_200007bc	18	false	false	unknown	undefined FUN_200007bc()
200007d4	FUN_200007d4	50	false	false	unknown	undefined FUN_200007d4()
20000818	FUN_20000818	102	false	false	unknown	undefined FUN_20000818()
20000894	FUN_20000894	10	false	false	unknown	undefined FUN_20000894()
20000924	FUN_20000924	10	false	false	unknown	undefined FUN_20000924()
200009dc	FUN_200009dc	10	false	false	unknown	undefined FUN_200009dc()
200009e8	FUN_200009e8	88	false	false	unknown	undefined FUN_200009e8()
20000a50	FUN_20000a50	70	false	false	unknown	undefined FUN_20000a50()
20000aa4	FUN_20000aa4	20	false	false	unknown	undefined FUN_20000aa4()
20000ab8	FUN_20000ab8	34	false	false	unknown	undefined FUN_20000ab8()
20000ae0	FUN_20000ae0	88	false	false	unknown	undefined FUN_20000ae0()
20000b44	FUN_20000b44	22	false	false	unknown	undefined FUN_20000b44()
20000b64	FUN_20000b64	108	false	false	unknown	undefined FUN_20000b64()
20000bd4	FUN_20000bd4	92	false	false	unknown	undefined FUN_20000bd4()
20000c3c	FUN_20000c3c	340	false	false	unknown	undefined FUN_20000c3c()
20000d94	FUN_20000d94	10	false	false	unknown	undefined FUN_20000d94()
20000da4	FUN_20000da4	10	false	false	unknown	undefined FUN_20000da4()
20000db4	FUN_20000db4	32	false	false	unknown	undefined FUN_20000db4()
20000dd8	FUN_20000dd8	24	false	false	unknown	undefined FUN_20000dd8()
20000df0	FUN_20000df0	138	false	false	unknown	undefined FUN_20000df0()
20000e80	FUN_20000e80	80	false	false	unknown	undefined FUN_20000e80()
20000ee0	FUN_20000ee0	20	false	false	unknown	undefined FUN_20000ee0()
20000ef4	FUN_20000ef4	52	false	false	unknown	undefined FUN_20000ef4()
20000f30	FUN_20000f30	30	false	false	unknown	undefined FUN_20000f30()
20000f54	FUN_20000f54	30	false	false	unknown	undefined FUN_20000f54()
20000f78	FUN_20000f78	256	false	false	unknown	undefined FUN_20000f78()
20001078	FUN_20001078	28	false	false	unknown	undefined FUN_20001078()
20001098	FUN_20001098	62	false	false	unknown	undefined FUN_20001098()
200010e4	FUN_200010e4	24	false	false	unknown	undefined FUN_200010e4()
20001100	FUN_20001100	90	false	false	unknown	undefined FUN_20001100()
2000115c	FUN_2000115c	22	false	false	unknown	undefined FUN_2000115c()
2000117c	FUN_2000117c	22	false	false	unknown	undefined FUN_2000117c()
2000119c	FUN_2000119c	10	false	false	unknown	undefined FUN_2000119c()
200011a8	FUN_200011a8	68	false	false	unknown	undefined FUN_200011a8()
200011fc	FUN_200011fc	60	false	false	unknown	undefined FUN_200011fc()
20001240	FUN_20001240	50	false	false	unknown	undefined FUN_20001240()
2000127c	FUN_2000127c	34	false	false	unknown	undefined FUN_2000127c()
200012a4	FUN_200012a4	48	false	false	unknown	undefined FUN_200012a4()
200012e4	FUN_200012e4	34	false	false	unknown	undefined FUN_200012e4()
2000130c	FUN_2000130c	26	false	false	unknown	undefined FUN_2000130c()
20001328	HardFault_Handler	8	false	false	unknown	undefined HardFault_Handler()
20001338	FUN_20001338	28	false	false	unknown	undefined FUN_20001338()
20001358	FUN_20001358	110	false	false	unknown	undefined FUN_20001358()
200013cc	FUN_200013cc	30	false	false	unknown	undefined FUN_200013cc()
200013ec	FUN_200013ec	14	false	false	unknown	undefined FUN_200013ec()
20001400	FUN_20001400	34	false	false	unknown	undefined FUN_20001400()
20001422	FUN_20001422	104	false	false	unknown	undefined FUN_20001422()
2000148c	FUN_2000148c	72	false	false	unknown	undefined FUN_2000148c()
2000150c	FUN_2000150c	54	false	false	unknown	undefined FUN_2000150c()
20001548	FUN_20001548	308	false	false	unknown	undefined FUN_20001548()
2000168c	FUN_2000168c	36	false	false	unknown	undefined FUN_2000168c()
200016b0	FUN_200016b0	36	false	false	unknown	undefined FUN_200016b0()
200016d4	FUN_200016d4	42	false	false	unknown	undefined FUN_200016d4()
200016fe	FUN_200016fe	42	false	false	unknown	undefined FUN_200016fe()
20001728	FUN_20001728	30	false	false	unknown	undefined FUN_20001728()
20001746	FUN_20001746	10	false	false	unknown	undefined FUN_20001746()
20001750	FUN_20001750	10	false	false	unknown	undefined FUN_20001750()
2000175c	FUN_2000175c	56	false	false	unknown	undefined FUN_2000175c()
20001794	FUN_20001794	74	false	false	unknown	undefined FUN_20001794()
200017e0	FUN_200017e0	16	false	false	unknown	undefined FUN_200017e0()
200017f4	FUN_200017f4	36	false	false	unknown	undefined FUN_200017f4()
20001820	FUN_20001820	36	false	false	unknown	undefined FUN_20001820()
2000184c	FUN_2000184c	36	false	false	unknown	undefined FUN_2000184c()
20001878	FUN_20001878	36	false	false	unknown	undefined FUN_20001878()
200018a4	FUN_200018a4	16	false	false	unknown	undefined FUN_200018a4()
200018b8	FUN_200018b8	260	false	false	unknown	undefined FUN_200018b8()
200019e4	FUN_200019e4	16	false	false	unknown	undefined FUN_200019e4()
200019f8	FUN_200019f8	54	false	false	unknown	undefined FUN_200019f8()
20001a38	FUN_20001a38	16	false	false	unknown	undefined FUN_20001a38()
20001a48	FUN_20001a48	50	false	false	unknown	undefined FUN_20001a48()
20001a84	IRQ12_Handler	8	false	false	unknown	undefined IRQ12_Handler()
20001a94	FUN_20001a94	242	false	false	unknown	undefined FUN_20001a94()
20001bc4	FUN_20001bc4	40	false	false	unknown	undefined FUN_20001bc4()
20001bec	FUN_20001bec	34	false	false	unknown	undefined FUN_20001bec()
20001c14	FUN_20001c14	172	false	false	unknown	undefined FUN_20001c14()
20001cd8	FUN_20001cd8	32	false	false	unknown	undefined FUN_20001cd8()
20001cf8	FUN_20001cf8	32	false	false	unknown	undefined FUN_20001cf8()
20001d18	FUN_20001d18	324	false	false	unknown	undefined FUN_20001d18()
20001e60	FUN_20001e60	122	false	false	unknown	undefined FUN_20001e60()
20001ef0	FUN_20001ef0	112	false	false	unknown	undefined FUN_20001ef0()
20001f74	FUN_20001f74	26	false	false	unknown	undefined FUN_20001f74()
20001f90	FUN_20001f90	28	false	false	unknown	undefined FUN_20001f90()
20001fb0	FUN_20001fb0	56	false	false	unknown	undefined FUN_20001fb0()
20001fe8	FUN_20001fe8	250	false	false	unknown	undefined FUN_20001fe8()
200020e4	FUN_200020e4	62	false	false	unknown	undefined FUN_200020e4()
2000212c	FUN_2000212c	140	false	false	unknown	undefined FUN_2000212c()
200021cc	FUN_200021cc	240	false	false	unknown	undefined FUN_200021cc()
200022c0	FUN_200022c0	130	false	false	unknown	undefined FUN_200022c0()
20002344	FUN_20002344	14	false	false	unknown	undefined FUN_20002344()
20002360	FUN_20002360	294	false	false	unknown	undefined FUN_20002360()
2000248c	SystemInit	8	false	false	unknown	undefined SystemInit()
2000249c	delay_ms	32	false	false	unknown	undefined delay_ms()
200024bc	delay_us	72	false	false	unknown	undefined delay_us()
20002514	IRQ28_Handler	22	false	false	unknown	undefined IRQ28_Handler()
20002534	IRQ27_Handler	20	false	false	unknown	undefined IRQ27_Handler()
2000254c	FUN_2000254c	28	false	false	unknown	undefined FUN_2000254c()
2000256c	FUN_2000256c	100	false	false	unknown	undefined FUN_2000256c()
200025d4	FUN_200025d4	88	false	false	unknown	undefined FUN_200025d4()
20002b80	FUN_20002b80	98	false	false	unknown	undefined FUN_20002b80()
20002be8	FUN_20002be8	56	false	false	unknown	undefined FUN_20002be8()
20002c20	FUN_20002c20	116	false	false	unknown	undefined FUN_20002c20()
20002c98	FUN_20002c98	66	false	false	unknown	undefined FUN_20002c98()
20002ce0	FUN_20002ce0	62	false	false	unknown	undefined FUN_20002ce0()
20002d24	FUN_20002d24	54	false	false	unknown	undefined FUN_20002d24()
20002d60	FUN_20002d60	166	false	false	unknown	undefined FUN_20002d60()
20002e10	FUN_20002e10	30	false	false	unknown	undefined FUN_20002e10()
20002e34	FUN_20002e34	24	false	false	unknown	undefined FUN_20002e34()
20002e4c	FUN_20002e4c	406	false	false	unknown	undefined FUN_20002e4c()
20002fe8	FUN_20002fe8	96	false	false	unknown	undefined FUN_20002fe8()
20003048	FUN_20003048	78	false	false	unknown	undefined FUN_20003048()
2000309c	FUN_2000309c	38	false	false	unknown	undefined FUN_2000309c()
200030c2	FUN_200030c2	58	false	false	unknown	undefined FUN_200030c2()
200030fc	FUN_200030fc	28	false	false	unknown	undefined FUN_200030fc()
200031a4	FUN_200031a4	72	false	false	unknown	undefined FUN_200031a4()
20003276	FUN_20003276	50	false	false	unknown	undefined FUN_20003276()
200032a8	FUN_200032a8	198	false	false	unknown	undefined FUN_200032a8()
20003378	FUN_20003378	422	false	false	unknown	undefined FUN_20003378()
20003538	FUN_20003538	82	false	false	unknown	undefined FUN_20003538()
20003778	FUN_20003778	44	false	false	unknown	undefined FUN_20003778()
200037a4	FUN_200037a4	224	false	false	unknown	undefined FUN_200037a4()
20003888	FUN_20003888	66	false	false	unknown	undefined FUN_20003888()
200038cc	FUN_200038cc	102	false	false	unknown	undefined FUN_200038cc()
20003944	FUN_20003944	434	false	false	unknown	undefined FUN_20003944()
20003af8	FUN_20003af8	472	false	false	unknown	undefined FUN_20003af8()
20003d3c	FUN_20003d3c	118	false	false	unknown	undefined FUN_20003d3c()
20003db2	FUN_20003db2	330	false	false	unknown	undefined FUN_20003db2()
20003efc	FUN_20003efc	178	false	false	unknown	undefined FUN_20003efc()
20003fae	FUN_20003fae	124	false	false	unknown	undefined FUN_20003fae()
2000402a	FUN_2000402a	176	false	false	unknown	undefined FUN_2000402a()
200040da	FUN_200040da	234	false	false	unknown	undefined FUN_200040da()
200041c4	FUN_200041c4	22	false	false	unknown	undefined FUN_200041c4()
200042d8	FUN_200042d8	52	false	false	unknown	undefined FUN_200042d8()
2000430c	FUN_2000430c	40	false	false	unknown	undefined FUN_2000430c()
20004334	FUN_20004334	40	false	false	unknown	undefined FUN_20004334()
2000435c	FUN_2000435c	454	false	false	unknown	undefined FUN_2000435c()
20004522	FUN_20004522	24	false	false	unknown	undefined FUN_20004522()
2000453a	FUN_2000453a	78	false	false	unknown	undefined FUN_2000453a()
20004588	FUN_20004588	142	false	false	unknown	undefined FUN_20004588()
2000461c	FUN_2000461c	38	false	false	unknown	undefined FUN_2000461c()
20004644	FUN_20004644	176	false	false	unknown	undefined FUN_20004644()
200046f8	FUN_200046f8	98	false	false	unknown	undefined FUN_200046f8()
2000475c	FUN_2000475c	394	false	false	unknown	undefined FUN_2000475c()
200048f0	FUN_200048f0	174	false	false	unknown	undefined FUN_200048f0()
2000499e	FUN_2000499e	124	false	false	unknown	undefined FUN_2000499e()
20004a1a	FUN_20004a1a	182	false	false	unknown	undefined FUN_20004a1a()
20004ad0	FUN_20004ad0	30	false	false	unknown	undefined FUN_20004ad0()
20004aee	FUN_20004aee	12	false	false	unknown	undefined FUN_20004aee()
20004afa	FUN_20004afa	12	false	false	unknown	undefined FUN_20004afa()
20004b06	FUN_20004b06	14	false	false	unknown	undefined FUN_20004b06()
20004b14	FUN_20004b14	96	false	false	unknown	undefined FUN_20004b14()
20004b82	FUN_20004b82	28	false	false	unknown	undefined FUN_20004b82()
20004b9e	FUN_20004b9e	118	false	false	unknown	undefined FUN_20004b9e()
20004c14	FUN_20004c14	28	false	false	unknown	undefined FUN_20004c14()
20004c30	FUN_20004c30	12	false	false	unknown	undefined FUN_20004c30()
20004c3c	FUN_20004c3c	6	false	false	unknown	undefined FUN_20004c3c()
20004c44	FUN_20004c44	54	false	false	unknown	undefined FUN_20004c44()
20004c8c	FUN_20004c8c	84	false	false	unknown	undefined FUN_20004c8c()
20004ce4	FUN_20004ce4	70	false	false	unknown	undefined FUN_20004ce4()
20004d30	FUN_20004d30	72	false	false	unknown	undefined FUN_20004d30()
20004d84	FUN_20004d84	270	false	false	unknown	undefined FUN_20004d84()
20004eb8	FUN_20004eb8	12	false	false	unknown	undefined FUN_20004eb8()
20004ecc	FUN_20004ecc	44	false	false	unknown	undefined FUN_20004ecc()
20004f04	FUN_20004f04	32	false	false	unknown	undefined FUN_20004f04()
20004f34	FUN_20004f34	54	false	false	unknown	undefined FUN_20004f34()
20004f84	FUN_20004f84	36	false	false	unknown	undefined FUN_20004f84()
20004fb0	IRQ0_Handler	52	false	false	unknown	undefined IRQ0_Handler()
20004fe8	FUN_20004fe8	26	false	false	unknown	undefined FUN_20004fe8()
20005004	FUN_20005004	48	false	false	unknown	undefined FUN_20005004()
20005040	FUN_20005040	32	false	false	unknown	undefined FUN_20005040()
20005064	FUN_20005064	34	false	false	unknown	undefined FUN_20005064()
2000508c	FUN_2000508c	124	false	false	unknown	undefined FUN_2000508c()
20005114	FUN_20005114	20	false	false	unknown	undefined FUN_20005114()
20005128	__ARM_common_switch8	26	false	false	unknown	undefined __ARM_common_switch8()
20005144	FUN_20005144	18	false	false	unknown	undefined FUN_20005144()
2000515c	FUN_2000515c	18	false	false	unknown	undefined FUN_2000515c()
20005174	FUN_20005174	18	false	false	unknown	undefined FUN_20005174()
2000518c	FUN_2000518c	26	false	false	unknown	undefined FUN_2000518c()
200051ac	FUN_200051ac	60	false	false	unknown	undefined FUN_200051ac()
200051f0	NVIC_SystemReset	18	false	false	unknown	undefined NVIC_SystemReset()
2000521c	__scatterload_zeroinit	14	false	false	unknown	undefined __scatterload_zeroinit()
2000522c	FUN_2000522c	176	false	false	unknown	undefined FUN_2000522c()
200052e0	FUN_200052e0	64	false	false	unknown	undefined FUN_200052e0()
20005330	FUN_20005330	42	false	false	unknown	undefined FUN_20005330()
20005360	FUN_20005360	22	false	false	unknown	undefined FUN_20005360()
2000537c	FUN_2000537c	350	false	false	unknown	undefined FUN_2000537c()
200054e0	FUN_200054e0	108	false	false	unknown	undefined FUN_200054e0()
20005554	FUN_20005554	86	false	false	unknown	undefined FUN_20005554()
200055b0	FUN_200055b0	218	false	false	unknown	undefined FUN_200055b0()
20005694	FUN_20005694	136	false	false	unknown	undefined FUN_20005694()
20005728	FUN_20005728	58	false	false	unknown	undefined FUN_20005728()
20005768	FUN_20005768	16	false	false	unknown	undefined FUN_20005768()
2000577c	FUN_2000577c	126	false	false	unknown	undefined FUN_2000577c()
2000580c	FUN_2000580c	34	false	false	unknown	undefined FUN_2000580c()
20005834	FUN_20005834	76	false	false	unknown	undefined FUN_20005834()
20005888	FUN_20005888	192	false	false	unknown	undefined FUN_20005888()
20005954	FUN_20005954	46	false	false	unknown	undefined FUN_20005954()
20005988	FUN_20005988	46	false	false	unknown	undefined FUN_20005988()
200059b8	FUN_200059b8	1222	false	false	unknown	undefined FUN_200059b8()
20005eb8	FUN_20005eb8	180	false	false	unknown	undefined FUN_20005eb8()
20005f80	FUN_20005f80	778	false	false	unknown	undefined FUN_20005f80()
200062ac	FUN_200062ac	124	false	false	unknown	undefined FUN_200062ac()
20006330	FUN_20006330	314	false	false	unknown	undefined FUN_20006330()
20006488	FUN_20006488	142	false	false	unknown	undefined FUN_20006488()
20006520	FUN_20006520	122	false	false	unknown	undefined FUN_20006520()
200065a0	FUN_200065a0	58	false	false	unknown	undefined FUN_200065a0()
200065dc	FUN_200065dc	368	false	false	unknown	undefined FUN_200065dc()
20006754	FUN_20006754	44	false	false	unknown	undefined FUN_20006754()
20006780	FUN_20006780	12	false	false	unknown	undefined FUN_20006780()
2000678c	FUN_2000678c	106	false	false	unknown	undefined FUN_2000678c()
20006800	FUN_20006800	132	false	false	unknown	undefined FUN_20006800()
20006888	FUN_20006888	160	false	false	unknown	undefined FUN_20006888()
2000692c	FUN_2000692c	100	false	false	unknown	undefined FUN_2000692c()
200069ac	FUN_200069ac	100	false	false	unknown	undefined FUN_200069ac()
20006a2c	FUN_20006a2c	108	false	false	unknown	undefined FUN_20006a2c()
20006aa0	FUN_20006aa0	74	false	false	unknown	undefined FUN_20006aa0()
20006af4	FUN_20006af4	54	false	false	unknown	undefined FUN_20006af4()
20006b30	FUN_20006b30	22	false	false	unknown	undefined FUN_20006b30()
20006b48	FUN_20006b48	208	false	false	unknown	undefined FUN_20006b48()
20006c24	FUN_20006c24	112	false	false	unknown	undefined FUN_20006c24()
20006ca0	FUN_20006ca0	48	false	false	unknown	undefined FUN_20006ca0()
20006cd4	FUN_20006cd4	102	false	false	unknown	undefined FUN_20006cd4()
20006d48	FUN_20006d48	72	false	false	unknown	undefined FUN_20006d48()
20006da0	FUN_20006da0	22	false	false	unknown	undefined FUN_20006da0()
20006dbc	FUN_20006dbc	38	false	false	unknown	undefined FUN_20006dbc()
20006de8	FUN_20006de8	6	false	false	unknown	undefined FUN_20006de8()
20006dee	FUN_20006dee	8	false	false	unknown	undefined FUN_20006dee()
20006df8	FUN_20006df8	78	false	false	unknown	undefined FUN_20006df8()
20006e4c	FUN_20006e4c	80	false	false	unknown	undefined FUN_20006e4c()
20006ea4	FUN_20006ea4	42	false	false	unknown	undefined FUN_20006ea4()
20006ed4	FUN_20006ed4	74	false	false	unknown	undefined FUN_20006ed4()
20006f20	FUN_20006f20	88	false	false	unknown	undefined FUN_20006f20()
20006f7c	FUN_20006f7c	84	false	false	unknown	undefined FUN_20006f7c()
20006fd4	FUN_20006fd4	112	false	false	unknown	undefined FUN_20006fd4()
2000704c	FUN_2000704c	6	false	false	unknown	undefined FUN_2000704c()
20007058	FUN_20007058	82	false	false	unknown	undefined FUN_20007058()
200070ac	FUN_200070ac	88	false	false	unknown	undefined FUN_200070ac()
20007108	FUN_20007108	84	false	false	unknown	undefined FUN_20007108()
20007160	FUN_20007160	12	false	false	unknown	undefined FUN_20007160()
20007170	FUN_20007170	126	false	false	unknown	undefined FUN_20007170()
200071f8	FUN_200071f8	4	false	false	unknown	undefined FUN_200071f8()
200071fc	FUN_200071fc	6	false	false	unknown	undefined FUN_200071fc()
20007204	FUN_20007204	104	false	false	unknown	undefined FUN_20007204()
20007270	FUN_20007270	52	false	false	unknown	undefined FUN_20007270()
200072a8	FUN_200072a8	30	false	false	unknown	undefined FUN_200072a8()
200072cc	FUN_200072cc	10	false	false	unknown	undefined FUN_200072cc()
200072dc	FUN_200072dc	50	false	false	unknown	undefined FUN_200072dc()
20007318	FUN_20007318	28	false	false	unknown	undefined FUN_20007318()
20007334	FUN_20007334	32	false	false	unknown	undefined FUN_20007334()
20007358	FUN_20007358	10	false	false	unknown	undefined FUN_20007358()
20007368	FUN_20007368	60	false	false	unknown	undefined FUN_20007368()
200073a8	FUN_200073a8	34	false	false	unknown	undefined FUN_200073a8()
200073d0	FUN_200073d0	58	false	false	unknown	undefined FUN_200073d0()
20007414	FUN_20007414	100	false	false	unknown	undefined FUN_20007414()
20007488	FUN_20007488	100	false	false	unknown	undefined FUN_20007488()
200074fc	FUN_200074fc	68	false	false	unknown	undefined FUN_200074fc()
20007574	FUN_20007574	12	false	false	unknown	undefined FUN_20007574()
20007584	FUN_20007584	52	false	false	unknown	undefined FUN_20007584()
200075b8	FUN_200075b8	286	false	false	unknown	undefined FUN_200075b8()
200076e0	FUN_200076e0	140	false	false	unknown	undefined FUN_200076e0()
20007770	FUN_20007770	362	false	false	unknown	undefined FUN_20007770()
200078fc	FUN_200078fc	10	false	false	unknown	undefined FUN_200078fc()
20007908	FUN_20007908	80	false	false	unknown	undefined FUN_20007908()
20007964	FUN_20007964	112	false	false	unknown	undefined FUN_20007964()
200079dc	FUN_200079dc	24	false	false	unknown	undefined FUN_200079dc()
200079f8	FUN_200079f8	66	false	false	unknown	undefined FUN_200079f8()
20007a4c	FUN_20007a4c	8	false	false	unknown	undefined FUN_20007a4c()
20007a54	FUN_20007a54	36	false	false	unknown	undefined FUN_20007a54()
20007a7c	FUN_20007a7c	26	false	false	unknown	undefined FUN_20007a7c()
20007a9c	FUN_20007a9c	12	false	false	unknown	undefined FUN_20007a9c()
20007aa8	FUN_20007aa8	88	false	false	unknown	undefined FUN_20007aa8()
20007b10	FUN_20007b10	90	false	false	unknown	undefined FUN_20007b10()
20007b70	FUN_20007b70	250	false	false	unknown	undefined FUN_20007b70()
20007c74	FUN_20007c74	28	false	false	unknown	undefined FUN_20007c74()
20007c98	FUN_20007c98	74	false	false	unknown	undefined FUN_20007c98()
20007ce8	FUN_20007ce8	188	false	false	unknown	undefined FUN_20007ce8()
20007da8	FUN_20007da8	366	false	false	unknown	undefined FUN_20007da8()
20007f20	FUN_20007f20	18	false	false	unknown	undefined FUN_20007f20()
20007f38	main	250	false	false	unknown	undefined main()
20008054	FUN_20008054	96	false	false	unknown	undefined FUN_20008054()
200080d4	FUN_200080d4	62	false	false	unknown	undefined FUN_200080d4()
20008118	FUN_20008118	50	false	false	unknown	undefined FUN_20008118()
20008150	FUN_20008150	86	false	false	unknown	undefined FUN_20008150()
200081b4	FUN_200081b4	140	false	false	unknown	undefined FUN_200081b4()
2000824c	FUN_2000824c	28	false	false	unknown	undefined FUN_2000824c()
20008268	FUN_20008268	160	false	false	unknown	undefined FUN_20008268()
20008318	FUN_20008318	156	false	false	unknown	undefined FUN_20008318()
200083d8	FUN_200083d8	50	false	false	unknown	undefined FUN_200083d8()
2000840a	FUN_2000840a	76	false	false	unknown	undefined FUN_2000840a()
20008456	FUN_20008456	36	false	false	unknown	undefined FUN_20008456()
2000847a	FUN_2000847a	42	false	false	unknown	undefined FUN_2000847a()
200084a4	FUN_200084a4	32	false	false	unknown	undefined FUN_200084a4()
200084cc	FUN_200084cc	14	false	false	unknown	undefined FUN_200084cc()
200084e0	FUN_200084e0	648	false	false	unknown	undefined FUN_200084e0()
200087a0	FUN_200087a0	110	false	false	unknown	undefined FUN_200087a0()
20008814	razer_cmd_class02_keymap	966	false	false	unknown	undefined razer_cmd_class02_keymap()
20008bf4	button_action_execute	1908	false	false	unknown	undefined button_action_execute()
200093e0	razer_cmd_class0F_led	1012	false	false	unknown	undefined razer_cmd_class0F_led()
20009804	razer_cmd_class00_device	702	false	false	unknown	undefined razer_cmd_class00_device()
20009b0c	FUN_20009b0c	82	false	false	unknown	undefined FUN_20009b0c()
20009b70	razer_cmd_class04_sensor	1240	false	false	unknown	undefined razer_cmd_class04_sensor()
20009cb4	FUN_20009cb4	6	false	false	unknown	undefined FUN_20009cb4()
2000a7a8	FUN_2000a7a8	128	false	false	unknown	undefined FUN_2000a7a8()
2000a83c	FUN_2000a83c	26	false	false	unknown	undefined FUN_2000a83c()
2000a85c	razer_cmd_class06_storage	556	false	false	unknown	undefined razer_cmd_class06_storage()
2000aab8	FUN_2000aab8	678	false	false	unknown	undefined FUN_2000aab8()
2000ad88	periodic_tasks	108	false	false	unknown	undefined periodic_tasks()
2000ae00	razer_cmd_dispatch	200	false	false	unknown	undefined razer_cmd_dispatch()
2000aed4	FUN_2000aed4	20	false	false	unknown	undefined FUN_2000aed4()
2000aee8	razer_cmd_class05	254	false	false	unknown	undefined razer_cmd_class05()
2000aff8	razer_cmd_class0B	566	false	false	unknown	undefined razer_cmd_class0B()
2000b278	FUN_2000b278	106	false	false	unknown	undefined FUN_2000b278()
2000b2f8	FUN_2000b2f8	48	false	false	unknown	undefined FUN_2000b2f8()
2000b330	FUN_2000b330	48	false	false	unknown	undefined FUN_2000b330()
2000b364	FUN_2000b364	444	false	false	unknown	undefined FUN_2000b364()
2000b52c	razer_cmd_classFE	96	false	false	unknown	undefined razer_cmd_classFE()
2000b58c	FUN_2000b58c	442	false	false	unknown	undefined FUN_2000b58c()
2000b778	FUN_2000b778	8	false	false	unknown	undefined FUN_2000b778()
2000b780	FUN_2000b780	82	false	false	unknown	undefined FUN_2000b780()
2000b7e8	FUN_2000b7e8	34	false	false	unknown	undefined FUN_2000b7e8()
2000b810	FUN_2000b810	48	false	false	unknown	undefined FUN_2000b810()
2000b840	FUN_2000b840	18	false	false	unknown	undefined FUN_2000b840()
2000b85c	settings_mark_dirty	190	false	false	unknown	undefined settings_mark_dirty()
2000b924	FUN_2000b924	530	false	false	unknown	undefined FUN_2000b924()
2000bb48	FUN_2000bb48	28	false	false	unknown	undefined FUN_2000bb48()
2000bb6c	FUN_2000bb6c	52	false	false	unknown	undefined FUN_2000bb6c()
2000bbb0	FUN_2000bbb0	1048	false	false	unknown	undefined FUN_2000bbb0()
2000bfe4	FUN_2000bfe4	74	false	false	unknown	undefined FUN_2000bfe4()
2000c034	FUN_2000c034	58	false	false	unknown	undefined FUN_2000c034()
2000c07c	FUN_2000c07c	22	false	false	unknown	undefined FUN_2000c07c()
2000c098	FUN_2000c098	22	false	false	unknown	undefined FUN_2000c098()
2000c0b4	FUN_2000c0b4	22	false	false	unknown	undefined FUN_2000c0b4()
2000c0d0	FUN_2000c0d0	238	false	false	unknown	undefined FUN_2000c0d0()
2000c1d4	FUN_2000c1d4	58	false	false	unknown	undefined FUN_2000c1d4()
2000c218	FUN_2000c218	18	false	false	unknown	undefined FUN_2000c218()
2000c234	FUN_2000c234	22	false	false	unknown	undefined FUN_2000c234()
2000c250	FUN_2000c250	14	false	false	unknown	undefined FUN_2000c250()
2000c260	FUN_2000c260	106	false	false	unknown	undefined FUN_2000c260()
2000c2e4	FUN_2000c2e4	136	false	false	unknown	undefined FUN_2000c2e4()
2000c378	FUN_2000c378	4	false	false	unknown	undefined FUN_2000c378()
2000c37c	FUN_2000c37c	134	false	false	unknown	undefined FUN_2000c37c()
2000c418	FUN_2000c418	70	false	false	unknown	undefined FUN_2000c418()
2000c460	FUN_2000c460	106	false	false	unknown	undefined FUN_2000c460()
2000c4d0	FUN_2000c4d0	164	false	false	unknown	undefined FUN_2000c4d0()
2000c574	FUN_2000c574	58	false	false	unknown	undefined FUN_2000c574()
2000c5b0	FUN_2000c5b0	74	false	false	unknown	undefined FUN_2000c5b0()
2000c600	FUN_2000c600	146	false	false	unknown	undefined FUN_2000c600()
2000c698	FUN_2000c698	424	false	false	unknown	undefined FUN_2000c698()
2000c890	FUN_2000c890	44	false	false	unknown	undefined FUN_2000c890()
2000c8bc	FUN_2000c8bc	92	false	false	unknown	undefined FUN_2000c8bc()
2000c91c	FUN_2000c91c	796	false	false	unknown	undefined FUN_2000c91c()
2000cc38	FUN_2000cc38	124	false	false	unknown	undefined FUN_2000cc38()
2000ccc8	FUN_2000ccc8	28	false	false	unknown	undefined FUN_2000ccc8()
2000ccec	FUN_2000ccec	124	false	false	unknown	undefined FUN_2000ccec()
2000cd7c	FUN_2000cd7c	30	false	false	unknown	undefined FUN_2000cd7c()
2000cda0	FUN_2000cda0	28	false	false	unknown	undefined FUN_2000cda0()
2000cdbc	FUN_2000cdbc	102	false	false	unknown	undefined FUN_2000cdbc()
2000ce28	FUN_2000ce28	54	false	false	unknown	undefined FUN_2000ce28()
2000ce68	FUN_2000ce68	274	false	false	unknown	undefined FUN_2000ce68()
2000cf80	FUN_2000cf80	18	false	false	unknown	undefined FUN_2000cf80()
2000cf94	FUN_2000cf94	32	false	false	unknown	undefined FUN_2000cf94()
2000cfb8	FUN_2000cfb8	46	false	false	unknown	undefined FUN_2000cfb8()
2000cfec	FUN_2000cfec	46	false	false	unknown	undefined FUN_2000cfec()
2000d020	FUN_2000d020	482	false	false	unknown	undefined FUN_2000d020()
2000d210	FUN_2000d210	6	false	false	unknown	undefined FUN_2000d210()
2000d21c	FUN_2000d21c	778	false	false	unknown	undefined FUN_2000d21c()
2000d53c	FUN_2000d53c	166	false	false	unknown	undefined FUN_2000d53c()
2000d5f0	FUN_2000d5f0	704	false	false	unknown	undefined FUN_2000d5f0()
2000d8c4	FUN_2000d8c4	80	false	false	unknown	undefined FUN_2000d8c4()
2000d928	FUN_2000d928	326	false	false	unknown	undefined FUN_2000d928()
2000da80	FUN_2000da80	42	false	false	unknown	undefined FUN_2000da80()
2000daac	FUN_2000daac	158	false	false	unknown	undefined FUN_2000daac()
2000db54	FUN_2000db54	236	false	false	unknown	undefined FUN_2000db54()
2000dc50	FUN_2000dc50	72	false	false	unknown	undefined FUN_2000dc50()
2000dc9c	FUN_2000dc9c	108	false	false	unknown	undefined FUN_2000dc9c()
2000dd10	FUN_2000dd10	70	false	false	unknown	undefined FUN_2000dd10()
2000dd5c	FUN_2000dd5c	118	false	false	unknown	undefined FUN_2000dd5c()
2000ddf0	FUN_2000ddf0	116	false	false	unknown	undefined FUN_2000ddf0()
2000de84	FUN_2000de84	28	false	false	unknown	undefined FUN_2000de84()
2000dea4	FUN_2000dea4	90	false	false	unknown	undefined FUN_2000dea4()
2000df1c	FUN_2000df1c	456	false	false	unknown	undefined FUN_2000df1c()
2000e0fc	FUN_2000e0fc	48	false	false	unknown	undefined FUN_2000e0fc()
2000e130	FUN_2000e130	26	false	false	unknown	undefined FUN_2000e130()
2000e154	FUN_2000e154	190	false	false	unknown	undefined FUN_2000e154()
2000e22c	FUN_2000e22c	16	false	false	unknown	undefined FUN_2000e22c()
2000e244	FUN_2000e244	86	false	false	unknown	undefined FUN_2000e244()
2000e2b0	FUN_2000e2b0	30	false	false	unknown	undefined FUN_2000e2b0()
2000e2d0	FUN_2000e2d0	10	false	false	unknown	undefined FUN_2000e2d0()
2000e2e0	FUN_2000e2e0	88	false	false	unknown	undefined FUN_2000e2e0()
2000e348	FUN_2000e348	68	false	false	unknown	undefined FUN_2000e348()
2000e3c4	FUN_2000e3c4	58	false	false	unknown	undefined FUN_2000e3c4()
2000e414	FUN_2000e414	570	false	false	unknown	undefined FUN_2000e414()
2000e6b4	FUN_2000e6b4	86	false	false	unknown	undefined FUN_2000e6b4()
2000e714	FUN_2000e714	94	false	false	unknown	undefined FUN_2000e714()
2000e778	FUN_2000e778	76	false	false	unknown	undefined FUN_2000e778()
2000e7d0	wdt_feed	14	false	false	unknown	undefined wdt_feed()
2000e7e4	FUN_2000e7e4	20	false	false	unknown	undefined FUN_2000e7e4()
