195	This account is not linked to an existing Razer account.
272	AccountNotLinkedException
309	Email
318	LinkKey
331	RazerID
344	AvatarUrl
357	AccountExists
378	App
383	AppID
392	LicenseCode
409	LicenseExpire
430	ResultCode
447	ResultMsg
460	AppLicense: "AppId"="{0}", "LicenseCode"="{1}", "ExpirationDate"="{2}", 
557	"Status"="{0}", "StatusMessage"="{1}"
610	userInfo
623	billingAddress
644	name1
653	name2
662	phoneNumber
679	faxPhone
692	companyName
709	line1
718	line2
727	line3
736	city
745	country
758	countryA2
771	state
780	postalCode
797	 
802	, 
807	BillingAddress
828	FirstName
841	LastName
854	PhoneNumber
871	FaxNumber
884	Company
897	Address1
910	Address2
923	Address3
936	City
945	CountryCode
962	State
971	PostalCode
988	CompleteProfileRequest
1021	RazerId
1034	Subscriptions
1055	ConnectedAccountCredentials
1092	Account
1105	AccessToken
1122	AccessTokenSecret
1147	ClientKey
1160	ClientSecret
1177	RefreshToken
1194	Permission
1211	ExpirationDate
1232	User
1241	Permissions
1258	ConnectedAccountCredentials: "User"="{0}", "ExpirationDate"="{1}"
1347	The user needs to consent to the latest ToS
1408	CreateAccountRequest
1437	Phone
1446	Password
1459	TransferPhone
1480	TosReadToken
1497	ToSConsentToken
1518	LoginEventArgs
1539	Result
1548	RazerUser
1561	LogoutEventArgs
1582	Reason
1591	SyncProgressEventArgs
1620	CompleteItems
1641	TotalItems
1658	DataSyncItem
1675	UserProfileUpdatedEventArgs
1712	UserProfile
1729	UpdatedItems
1746	Item
1755	OtpRequiredEventArgs
1784	OtpMethod
1797	TfaType
1810	AltMethods
1827	tfa-method
1844	TransactionId
1865	authenticator
1886	SettingChangedEventArgs
1919	Setting
1932	Name
1941	FeatureChangedEventArgs
1974	Feature
1987	IsEnabled
2000	ClientId
2013	LoginDetailsUpdatedEventArgs
2054	Detail
2063	LoginDetails
2080	BillingAddressUpdatedEventArgs
2121	UserUpdatedEventArgs
2150	NewsletterSubscriptionsUpdatedEventArgs
2203	NewsletterSubscription
2236	SettingDefinitionList
2265	FeedbackData
2282	ServiceCode
2299	Category
2312	Title
2321	Description
2338	IncludeLogs
2355	SupplementalData
2380	LogDirectory
2397	SupplementalFiles
2422	SupplementalFile
2447	SupplementalLogs
2472	SupplementalItem
2497	Device
2506	VID
2511	PID
2516	Edition
2529	SerialNumber
2546	FirmwareVersion
2567	FeedbackData: "ServiceCode"="{0}", "Category"="{1}", "Title"="{2}", 
2660	"Description"="{0}", "IncludeLogs"="{1}", "SupplementalData"="{2}", 
2753	"LogDirectory"="{0}", "Device"="{1}"
2802	FriendSearchResult
2827	ExternalId
2844	Nickname
2857	auth_id
2870	account
2883	issuer
2892	qr_code
2905	google_charts_url
2930	key
2935	BackupCodes
2952	BackupCode
2969	CreatedDate
2986	Codes
2995	Index
3004	Code
3013	IsUsed
3022	Timeout waiting for 
3051	 response
3064	Broken pipe
3081	Failed to read 
3102	LicenseDevice
3123	ProdCode
3136	Layout
3145	LicenseDevice: "ProductCode"="{0}", "Edition"="{1}", "Layout"="{2}"
3238	LoggedInPlatform
3263	Id
3268	Address
3281	Country
3294	Type
3303	Verified
3316	Primary
3329	CreateDate
3346	LoginDetails: "Type"="{0}", "Verified"="{1}", "Primary"="{2}"
3431	NewsletterDetails
3456	Addition_Description
3485	Default_Checked
3506	Order
3515	Subscribed
3532	1
3537	Invalid OTP
3554	AlternateMethods
3579	method
3588	OtpRequiredException
3617	FriendIdInfo
3634	Source
3643	ID
3648	Token
3657	LoginId
3670	ServerIp
3683	AccessTokenExpirationDate
3720	TOK_OFFLINE
3737	Path
3746	Data
3755	SaveTimestamp
3776	SettingDefinition: "Name"="{0}", "Path"="{1}", "DownloadUrl"="{2}", "Timestamp"="{3}"
3893	Value
3902	Encoding
3915	[DATA TOO LARGE]
3940	RzSetting: "Path"="{0}", "Name"="{1}", "Encoding"="{2}", "Value"="{3}"
4037	SettingReadResult
4062	ResultServer
4079	ResultLocal
4096	SettingReadResult: "Setting"="{0}", "ResultLocal"="{1}", "ResultServer"="{2}"
4201	DownloadUrl
4218	ServerTime
4235	LocalTime
4248	Action
4257	DataSyncItem: "Path"="{0}", "Name"="{1}", "DownloadUrl"="{2}", "Action"="{3}"
4362	auth-opts
4375	tfa-methods
4392	recovery
4405	create_ts
4418	remaining_codes
4439	total_codes
4456	used_codes
4473	id
4478	name
4487	alias
4496	type
4505	phone
4514	verified
4527	status
4536	active
4545	primary
4558	new
4563	inactive
4576	0
4581	machine
4594	fingerprint
4611	nickname
4624	trusted-since
4645	IsThisMachine
4666	Avatar
4675	razer-id
4688	Gender
4697	BirthYear
4710	BirthMonth
4727	BirthDay
4740	UserLanguage
4757	AboutMe
4770	Zipcode
4783	Newsletter
4800	ProfileItem
4817	item
4826	User-Agent
4843	Mozilla/4.0 (Compatible; Windows NT 5.1; MSIE 6.0) (compatible; MSIE 6.0; Windows NT 5.1; .NET CLR 1.1.4322; .NET CLR 2.0.50727)
5017	The user profile is not complete
5062	UserProfileIncompleteException
5103	RazerIdAutoGenerated
5132	NeedsNewsLetterConsent
5165	Access
5174	ProdName
5187	WarrantyExpire
5208	Beyond-S-Time
5229	WarrantyDevice: "Vid"="{0}", "Pid"="{1}", "ProductName"="{2}"
5314	ProductCode cannot be null.
5351	ProductCode must be less than 26 characters.
5412	SerialNumber must be greater than 7 characters, and less than 30 characters.
5517	PurchaseLocation must be less than 256 characters.
5586	PurchaseCountry cannot be null.
5631	PurchaseCountry must be exactly 2 characters.
5692	ExtendedWarrantyCode must be less than 256 characters.
5765	SN
5770	PurchaseLoc
5787	PurchaseCountry
5808	PurchaseDate
5825	X-Warranty-Code
5846	WarrantyItem: "ProductCode"="{0}", "PurchaseLocation"="{1}", "PurchaseCountry"="{2}", 
5963	"PurchaseDate"="{0}"
5992	WarrantyResponse
6017	UserId
6026	Devices
6039	FirstName must be less than 256 characters.
6100	LastName must be less than 256 characters.
6157	Address cannot be null
6190	firstName
6203	lastName
6216	gender
6225	shippingAddress
6246	token
6255	code
6264	transaction
6281	totp
6290	OtpDetails
6307	OtpType
6320	IsBackupCode
6337	ConnectCompletedEventArgs
6374	DisconnectEventArgs
6403	ConnectionRequestEventArgs
6440	RefreshAccountTokenEventArgs
6481	DisplayName
6498	UserDetails: "Nickname"="{0}", "DisplayName"="{1}"
6567	ArchiveName
6584	SupplementalItem: "Name"="{0}", "ArchiveName"="{1}"
6653	City must be less than 129 characters.
6706	Country must be exactly 2 characters.
6759	AddressLine1 must be less than 256 characters.
6824	AddressLine2 must be less than 256 characters.
6889	AddressLine3 must be less than 256 characters.
6954	NameLine1 must be less than 256 characters.
7015	NameLine2 must be less than 256 characters.
7076	PhoneNumber must be less than 65 characters.
7137	PostalCode must be less than 33 characters.
7198	State must be less than 65 characters.
7251	FaxNumber must be less than 33 characters.
7308	CompanyName must be less than 256 characters.
7369	Email must be less than 255 characters.
7422	Email is not formatted as an email address.
7483	email
