10169dbc	string	CException
10169dc8	string	CSimpleException
10169ddc	string	CMemoryException
10169df0	string	CNotSupportedException
10169e08	string	CInvalidArgException
10169e58	string	COleException
1016a0a8	unicode	zh-TW
1016a0cc	unicode	de-DE
1016a0e4	unicode	en-US
1016a138	unicode	ja-JP
1016a144	unicode	ko-KR
1016a210	unicode	sl-SI
1016a2dc	unicode	hi-IN
1016a354	unicode	bn-IN
1016a360	unicode	pa-IN
1016a378	unicode	ta-IN
1016a384	unicode	te-IN
1016a390	unicode	kn-IN
1016a3b4	unicode	sa-IN
1016a448	unicode	zh-CN
1016a454	unicode	de-CH
1016a4b4	unicode	sr-SP-Latn
1016a4f0	unicode	se-SE
1016a548	unicode	de-AT
1016a578	unicode	sr-SP-Cyrl
1016a5e8	unicode	fr-CH
1016a628	unicode	de-LI
1016a658	unicode	bs-BA-Latn
1016a6b0	unicode	sr-BA-Latn
1016a9c0	unicode	bn-in
1016a9cc	unicode	bs-ba-latn
1016aa14	unicode	de-at
1016aa20	unicode	de-ch
1016aa2c	unicode	de-de
1016aa38	unicode	de-li
1016aad8	unicode	en-tt
1016ac40	unicode	fr-ch
1016ac94	unicode	hi-in
1016acd0	unicode	id-id
1016ad24	unicode	kn-in
1016ae0c	unicode	pa-in
1016ae84	unicode	sa-in
1016aea8	unicode	se-se
1016aec0	unicode	sl-si
1016af50	unicode	sr-ba-latn
1016af68	unicode	sr-sp-cyrl
1016af80	unicode	sr-sp-latn
1016afcc	unicode	ta-in
1016afd8	unicode	te-in
1016b0dc	unicode	Invalid DateTime
1016b100	string	CreateActCtxW
1016b110	string	ActivateActCtx
1016b120	string	DeactivateActCtx
1016b134	string	FindActCtxSectionStringW
1016b150	string	QueryActCtxW
1016b160	string	GetModuleHandleExW
1016b174	unicode	Comctl32.dll
1016b190	string	IsolationAware function called after IsolationAwareCleanup\n
1016b1dc	unicode	Kernel32.dll
1016b1f8	string	Kernel32.dll
1016b230	unicode	.CHM
1016b23c	unicode	.HLP
1016b248	unicode	.INI
1016b270	string	CWinThread
1016b2c0	string	CArchiveException
1016b2fc	string	CObject
1016b304	unicode	Advapi32.dll
1016b320	string	RegOpenKeyTransactedW
1016b338	string	RegCreateKeyTransactedW
1016b350	string	RegDeleteKeyTransactedW
1016b368	unicode	Exception thrown in destructor
1016b3a8	unicode	%Ts (%Ts:%d)\n%Ts
1016b3cc	unicode	%Ts (%Ts:%d)
1016b3e8	unicode	d:\\agent\\_work\\57\\s\\src\\vctools\\VC7Libs\\Ship\\ATLMFC\\Src\\MFC\\auxdata.cpp
1016b4a4	string	CPtrList
1016b4dc	string	CMapPtrToPtr
1016b8c0	unicode	d:\\agent\\_work\\57\\s\\src\\vctools\\vc7libs\\ship\\atlmfc\\include\\afxwin1.inl
1016b950	string	CResourceException
1016b964	string	CUserException
1016b978	string	CClientDC
1016b984	string	CWindowDC
1016b990	string	CPaintDC
1016b99c	string	CGdiObject
1016b9b0	string	CBrush
1016b9b8	string	CFont
1016b9c0	string	CBitmap
1016b9c8	string	CPalette
1016bae4	string	CCmdTarget
1016baf0	unicode	AfxWnd140su
1016bb08	unicode	AfxControlBar140su
1016bb30	unicode	AfxMDIFrame140su
1016bb54	unicode	AfxFrameOrView140su
1016bb7c	unicode	AfxOleControl140su
1016bba4	unicode	commctrl_DragListMsg
1016bbd0	unicode	AFX_WM_DRAW2D
1016bbec	unicode	AFX_WM_RECREATED2DRESOURCES
1016bc24	unicode	AfxOldWndProc423
1016bc50	string	Comctl32.dll
1016bc60	string	InitCommonControlsEx
1016bc88	unicode	kernel32.dll
1016bca4	string	SetDefaultDllDirectories
1016bef0	unicode	d:\\agent\\_work\\57\\s\\src\\vctools\\vc7libs\\ship\\atlmfc\\include\\afxwin2.inl
1016c044	unicode	accParent
1016c058	unicode	accChildCount
1016c074	unicode	accChild
1016c088	unicode	accName
1016c098	unicode	accValue
1016c0ac	unicode	accDescription
1016c0cc	unicode	accRole
1016c0dc	unicode	accState
1016c0f0	unicode	accHelp
1016c100	unicode	accHelpTopic
1016c11c	unicode	accKeyboardShortcut
1016c144	unicode	accFocus
1016c158	unicode	accSelection
1016c174	unicode	accDefaultAction
1016c198	unicode	accSelect
1016c1ac	unicode	accLocation
1016c1c4	unicode	accNavigate
1016c1dc	unicode	accHitTest
1016c1f4	unicode	accDoDefaultAction
1016c21c	unicode	#32768
1016c22c	unicode	Afx:%p:%x
1016c240	unicode	Afx:%p:%x:%p:%p:%p
1016c268	unicode	user32.dll
1016c280	string	RegisterTouchWindow
1016c294	string	UnregisterTouchWindow
1016c2ac	string	GetTouchInputInfo
1016c2c0	string	CloseTouchInputHandle
1016c2d8	string	GetGestureInfo
1016c2e8	string	CloseGestureInfoHandle
1016c300	unicode	hhctrl.ocx
1016c318	string	HtmlHelpW
1016c700	unicode	AFX_DIALOG_LAYOUT
1016c750	unicode	combobox
1016c764	unicode	comctl32.dll
1016c780	string	DllGetVersion
1016c790	string	CByteArray
1016c7cc	unicode	%2\\CLSID
1016c7e4	unicode	%2\\Insertable
1016c808	unicode	%2\\protocol\\StdFileEditing\\verb\\0
1016c858	unicode	%2\\protocol\\StdFileEditing\\server
1016c8a4	unicode	CLSID\\%1
1016c8bc	unicode	CLSID\\%1\\ProgID
1016c8e8	unicode	CLSID\\%1\\InprocHandler32
1016c91a	unicode	ole32.dll
1016c930	unicode	CLSID\\%1\\LocalServer32
1016c964	unicode	CLSID\\%1\\Verb\\0
1016c998	unicode	CLSID\\%1\\Verb\\1
1016c9cc	unicode	CLSID\\%1\\Insertable
1016c9f8	unicode	CLSID\\%1\\AuxUserType\\2
1016ca2c	unicode	CLSID\\%1\\AuxUserType\\3
1016ca60	unicode	CLSID\\%1\\DefaultIcon
1016ca98	unicode	CLSID\\%1\\MiscStatus
1016cac8	unicode	CLSID\\%1\\InProcServer32
1016cb00	unicode	CLSID\\%1\\DocObject
1016cb2c	unicode	%2\\DocObject
1016cb4c	unicode	CLSID\\%1\\Printable
1016cb78	unicode	CLSID\\%1\\DefaultExtension
1016cd40	string	RegDeleteKeyExW
1016cd70	string	CreateFileTransactedW
1016ce00	string	GetFileTitleW
1016ce20	unicode	Comdlg32.dll
1016ce3c	string	Comdlg32.dll
1016ce50	unicode	d:\\agent\\_work\\57\\s\\src\\vctools\\VC7Libs\\Ship\\ATLMFC\\Src\\MFC\\filecore.cpp
1016cee4	string	CFile
1016cf58	string	CMenu
1016d008	unicode	D2D1.dll
1016d01c	string	D2D1CreateFactory
1016d030	string	D2D1MakeRotateMatrix
1016d048	unicode	DWrite.dll
1016d060	string	DWriteCreateFactory
1016d074	string	CD2DResource
1016d084	string	CRenderTarget
1016d094	string	CHwndRenderTarget
1016d0a8	string	CDCRenderTarget
1016d0ec	string	CWinApp
1016d140	string	CMFCDynamicLayout
1016d154	unicode	ComboBox
1016d168	unicode	ComboBoxEx32
1016d18f	string	?ChangeWindowMessageFilter
1016d1ac	unicode	shell32.dll
1016d1c4	string	SHCreateItemFromParsingName
1016d1e0	string	InitNetworkAddressControl
1016d1fc	unicode	uxtheme.dll
1016d214	string	DrawThemeTextEx
1016d224	string	BufferedPaintInit
1016d238	string	BufferedPaintUnInit
1016d24c	string	BeginBufferedPaint
1016d260	string	EndBufferedPaint
1016d274	unicode	dwmapi.dll
1016d28c	string	DwmDefWindowProc
1016d2a0	string	DwmIsCompositionEnabled
1016d2b8	string	DwmSetWindowAttribute
1016d2d0	string	DwmSetIconicThumbnail
1016d2e8	string	DwmInvalidateIconicBitmaps
1016d304	string	DwmSetIconicLivePreviewBitmap
1016d5c8	unicode	Edit
1016d5d4	string	CDialog
1016d5dc	unicode	AfxClosePending
1016d60c	string	CreatePropertySheetPageW
1016d628	string	DestroyPropertySheetPage
1016d644	string	PropertySheetW
1016db08	string	CPropertyPage
1016db18	string	CPropertySheet
1016db54	string	CFileException
1016db64	string	GetFileAttributesTransactedW
1016db84	string	CObList
1016dbac	unicode	MFCButton
1016dbc0	unicode	MFCColorButton
1016dbe0	unicode	MFCEditBrowse
1016dbfc	unicode	MFCFontComboBox
1016dc1c	unicode	MFCLink
1016dc2c	unicode	MFCMaskedEdit
1016dc48	unicode	MFCMenuButton
1016dc64	unicode	MFCPropertyGrid
1016dc84	unicode	MFCShellList
1016dca0	unicode	MFCShellTree
1016dcbc	unicode	MFCVSListBox
1016dcd8	unicode	SysListView32
1016dcf4	unicode	SysTreeView32
1016dd10	unicode	Button
1016dd20	unicode	Static
1016dd30	string	ImageList_AddMasked
1016dd44	string	ImageList_GetIcon
1016e060	string	CMFCPropertySheet
1016e0a4	string	CFormView
1016e284	string	CMFCPropertyPage
1016e310	unicode	System
1016e34c	string	CPtrArray
1016e360	unicode	MS UI Gothic
1016e3e8	unicode	commdlg_LBSelChangedNotify
1016e420	unicode	commdlg_ShareViolation
1016e450	unicode	commdlg_FileNameOK
1016e478	unicode	commdlg_ColorOK
1016e498	unicode	commdlg_help
1016e4b4	unicode	commdlg_SetRGBColor
1016e4dc	string	CCommonDialog
1016e504	string	GetOpenFileNameW
1016e518	string	GetSaveFileNameW
1016e940	string	CFileDialog
1016e94c	string	CObArray
1016e968	string	CMapWordToOb
1016ecb0	string	CMFCButton
1016eec0	unicode	MFCButton_Style
1016eee0	unicode	MFCButton_Autosize
1016ef08	unicode	MFCButton_Tooltip
1016ef2c	unicode	MFCButton_FullTextTool
1016ef5c	unicode	TRUE
1016ef68	unicode	MFCButton_CursorType
1016ef94	unicode	MFCButton_ImageType
1016efbc	unicode	MFCButton_ImageID
1016efe0	unicode	MFCButton_ImageOnTop
1016f00c	unicode	MFCButton_ImageOnRight
1016f444	string	CMFCColorButton
1016f508	unicode	MFCColorButton_EnableOtherButton
1016f54c	unicode	Other
1016f558	unicode	MFCColorButton_EnableAutomaticButton
1016f5a4	unicode	Automatic
1016f5b8	unicode	MFCColorButton_ColumnsCount
1016f5f0	string	ImageList_ReplaceIcon
1016f608	string	ImageList_Draw
1016f918	string	CMFCEditBrowseCtrl
1016fa78	unicode	*?<>|
1016fa84	unicode	%Ts\r\n%Ts
1016fa98	unicode	MFCEditBrowse_Mode
1016fe30	unicode	MFCComboBox_DrawUsingFont
1016fe64	unicode	MFCComboBox_ShowTrueTypeFonts
1016fea0	unicode	MFCComboBox_ShowRasterTypeFonts
1016fee0	unicode	MFCComboBox_ShowDeviceTypeFonts
101700dc	string	CMFCLinkCtrl
10170140	unicode	MFCLink_Url
10170158	unicode	MFCLink_UrlPrefix
1017017c	unicode	MFCLink_FullTextTooltip
101701ac	unicode	MFCLink_Tooltip
10170354	string	CMFCMaskedEdit
101704a8	unicode	MFCMaskedEdit_SelectByGroup
101704e0	unicode	MFCMaskedEdit_Mask
10170508	unicode	MFCMaskedEdit_InputTemplate
10170540	unicode	MFCMaskedEdit_DefaultChar
10170574	unicode	MFCMaskedEdit_ValidChars
10170764	string	CMFCMenuButton
10170840	unicode	MFCMenuButton_OSMenu
1017086c	unicode	MFCMenuButton_RightArrow
101708a0	unicode	MFCMenuButton_StayPressed
101708d4	unicode	MFCMenuButton_DefaultClick
1017090c	unicode	MFCMenuButton_Autosize
1017093c	unicode	AFX_WM_PROPERTYCHANGED
10170cfc	string	CMFCPropertyGridProperty
10170d18	string	CMFCPropertyGridColorProperty
10170d38	string	CMFCPropertyGridCtrl
10170d50	unicode	True
10170d5c	unicode	False
10171118	unicode	Property
1017112c	unicode	Value
10171138	unicode	Afx:PropList
10171154	unicode	PropertyList
10171170	unicode	MFCPropertyGrid_DescriptionArea
101711b0	unicode	MFCPropertyGrid_DescriptionRows
101711f0	unicode	MFCPropertyGrid_HeaderCtrl
10171228	unicode	MFCPropertyGrid_AlphabeticMode
10171268	unicode	MFCPropertyGrid_ModifiedProperties
101712b0	unicode	MFCPropertyGrid_VSDotNetLook
101712f8	unicode	AFX_WM_CHANGE_CURRENT_FOLDER
10171504	string	CMFCShellListCtrl
101715e0	unicode	MFCShellListCtrl_EnableShellContextMenu
101717c0	string	CMFCShellTreeCtrl
101718b8	unicode	MFCShellTreeCtrl_EnableShellContextMenu
10172180	string	CVSListBoxBase
10172190	string	CVSListBoxEditCtrl
101721a4	string	CVSListBox
10172470	unicode	MFCVSListbox_BrowseButton
101724a4	unicode	MFCVSListbox_NewButton
101724d4	unicode	MFCVSListbox_RemoveButton
10172508	unicode	MFCVSListbox_UpButton
10172534	unicode	MFCVSListbox_DownButton
1017256c	string	ImageList_Create
10172580	string	ImageList_Destroy
10172594	string	ImageList_LoadImageW
10172ab0	unicode	ToolbarWindow32
10172b40	unicode	msctls_updown32
10172b60	unicode	SysHeader32
10172b78	unicode	d:\\agent\\_work\\57\\s\\src\\vctools\\VC7Libs\\Ship\\ATLMFC\\Src\\MFC\\winctrl2.cpp
10172c0c	string	CSpinButtonCtrl
10172c1c	string	CHeaderCtrl
10172c28	string	CTreeCtrl
10172c34	string	CListCtrl
10172c40	string	CImageList
10172c4c	string	CRichEditCtrl
10172d04	unicode	STATIC
10172d14	unicode	BUTTON
10172d24	unicode	LISTBOX
10172d34	unicode	COMBOBOX
10172d48	unicode	EDIT
10172d54	unicode	SCROLLBAR
10172d68	string	CStatic
10172d70	string	CButton
10172d78	string	CListBox
10172d84	string	CComboBox
10172d90	string	CEdit
10172d98	string	CScrollBar
10172dac	unicode	Segoe UI
10172dc0	unicode	Tahoma
10172dd0	unicode	MS Sans Serif
10172dec	unicode	Marlett
10172dfc	unicode	Arial
10172e08	unicode	%Ts:%x:%x:%x:%x
10172e96	string	X@ImageList_GetImageCount
10172eb0	string	ImageList_GetImageInfo
101732bc	string	CBasePane
101733d8	unicode	BasePanes
101733ec	unicode	%TsBasePane-%d
1017340c	unicode	%TsBasePane-%d%x
10173430	unicode	IsVisible
10173444	unicode	ControlPane
1017379c	string	CPane
101738b8	unicode	Afx:ControlBar
101738d8	unicode	Panes
101738e4	unicode	%TsPane-%d
101738fc	unicode	%TsPane-%d%x
10173920	unicode	RectRecentFloat
10173940	unicode	RectRecentDocked
10173964	unicode	RecentFrameAlignment
10173990	unicode	RecentRowIndex
101739b0	unicode	IsFloating
101739c8	unicode	MRUWidth
101739dc	unicode	PinState
101739f8	unicode	AFX_WM_CHANGEVISUALMANAGER
10173a30	string	ImageList_GetIconSize
10173d98	string	CMFCVisualManager
10173dbc	unicode	%d%%
10173dcc	unicode	WINDOW
10173ddc	unicode	TOOLBAR
10173dec	unicode	STATUS
10173dfc	unicode	REBAR
10173e08	unicode	PROGRESS
10173e1c	unicode	HEADER
10173e2c	unicode	EXPLORERBAR
10173e44	unicode	TREEVIEW
10173e58	unicode	STARTPANEL
10173e70	unicode	TASKBAND
10173e84	unicode	TASKBAR
10173e94	unicode	SPIN
10173ea8	unicode	TOOLTIP
10173eb8	unicode	TRACKBAR
10173ecc	unicode	MENU
10173ed8	unicode	Luna
10173ee4	unicode	Aero
10173ef0	unicode	normalcolor
10173f08	unicode	homestead
10173f1c	unicode	metallic
10173f30	unicode	royale
10174280	string	CMFCBaseToolBar
101742b0	unicode	TOOLBAR_POPUPMENU
101742d4	unicode	TOOLBAR_CUSTOMIZE
101742f8	unicode	TOOLBAR_CREATE
10174318	unicode	TOOLBAR_DELETE
10174338	unicode	TOOLBAR_CUSTOMIZEHELP
10174364	unicode	TOOLBAR_RESETTOOLBAR
10174390	unicode	TOOLBAR_RESETMENU
101743b4	unicode	TOOLBAR_SHOWREGULARMENU
101743e4	unicode	TOOLBAR_RESETCONTEXTMENU
10174418	unicode	TOOLBAR_RESETKEYBAORD
10174444	unicode	TOOLBAR_RESETRPROMPT
10174470	string	CMFCToolBar
101748d0	unicode	Afx:ToolBar
10174cf4	unicode	MFCToolBars
10174d0c	unicode	%TsMFCToolBar-%d
10174d30	unicode	%TsMFCToolBar-%d%x
10174d58	unicode	Name
10174d64	unicode	Buttons
10174d74	unicode	%TsMFCToolBarParameters
10174da4	unicode	LargeIcons
10174dbc	unicode	OriginalItems
10174dd8	unicode	OrigResetItems
10174df8	unicode	AFX_WM_ON_RENAME_TAB
10174e24	unicode	AFX_WM_ONCHANGE_ACTIVE_TAB
10174e5c	unicode	AFX_WM_ON_MOVE_TAB
10174e84	unicode	AFX_WM_ON_CHANGING_ACTIVE_TAB
10174ec0	unicode	AFX_WM_ON_GET_TAB_TOOLTIP
1017529c	string	CMFCBaseTabCtrl
101753d8	unicode	Switch
101753e8	string	CMFCOutlookBar
10175850	unicode	MFCOutlookBars
10175870	unicode	%TsMFCOutlookBar-%d
10175898	unicode	%TsMFCOutlookBar-%d%x
101758c4	unicode	MFCOutlookCustomPages
101758f0	string	CMFCOutlookBarPane
10175e70	unicode	AFX_WM_ON_HSCROLL
10175e94	unicode	AFX_WM_GETDRAGBOUNDS
10175ec0	unicode	AFX_WM_ON_DRAGCOMPLETE
10175ef0	unicode	AFX_WM_ON_TABGROUPMOUSEMOVE
10175f28	unicode	AFX_WM_ON_CANCELTABMOVE
10175f58	unicode	AFX_WM_ON_MOVETABCOMPLETE
10176468	string	CMFCTabCtrl
10176648	unicode	Afx:TabWnd
101767d0	unicode	d:\\agent\\_work\\57\\s\\src\\vctools\\VC7Libs\\Ship\\ATLMFC\\Src\\MFC\\viewcore.cpp
10176864	string	CSplitterWnd
10176cc0	string	CScrollView
10176ccc	string	CStringList
10176f00	unicode	tooltips_class32
10176f30	string	CToolTipCtrl
10176f98	unicode	AFX_WM_UPDATETOOLTIPS
10176fc4	unicode	SIZE
10176fd0	unicode	RECT
10176fdc	unicode	OFFSET
10176ff4	unicode	WIDTH
10177000	unicode	HEIGHT
10177010	unicode	LEFT
1017701c	unicode	RIGHT
10177030	unicode	BOTTOM
10177040	unicode	LEFTTOP
10177050	unicode	RIGHTBOTTOM
10177074	unicode	FALSE
10177080	unicode	FACENAME
10177094	unicode	QUALITY
101770a4	unicode	WEIGHT
101770b4	unicode	CORNERS
101770c4	unicode	SIDES
101770d0	unicode	INTERIOR
101770e4	unicode	TRANSPARENT
101770fc	unicode	PREMLTCHECK
10177114	unicode	BALLON
10177124	unicode	DRAW_ICON
10177138	unicode	DRAW_DESCRIPTION
1017715c	unicode	DRAW_SEPARATOR
1017717c	unicode	MAX_DESC_WIDTH
1017719c	unicode	ROUNDED_CORNERS
101771bc	unicode	BOLD_LABEL
101771d4	unicode	COLOR_FILL
101771ec	unicode	COLOR_FILLGRADIENT
10177214	unicode	COLOR_TEXT
1017722c	unicode	COLOR_BORDER
10177248	unicode	GRADIENT_ANGLE
1017727c	unicode	DONTCARE
10177290	unicode	THIN
1017729c	unicode	EXTRALIGHT
101772b4	unicode	LIGHT
101772c0	unicode	NORMAL
101772d0	unicode	MEDIUM
101772e0	unicode	SEMIBOLD
101772f4	unicode	BOLD
10177300	unicode	EXTRABOLD
10177314	unicode	HEAVY
10177320	unicode	ULTRALIGHT
10177338	unicode	REGULAR
10177348	unicode	DEMIBOLD
1017735c	unicode	ULTRABOLD
10177370	unicode	BLACK
1017737c	unicode	DEFAULT
1017738c	unicode	DRAFT
10177398	unicode	PROOF
101773a4	unicode	NONANTIALIASED
101773c4	unicode	ANTIALIASED
101773dc	unicode	CLEARTYPE
101773f0	unicode	CLEARTYPE_NATURAL
10177414	string	CMFCPopupMenu
10177a48	unicode	Recent File
10177a60	unicode	&%d %Ts
10178110	unicode	d:\\agent\\_work\\57\\s\\src\\vctools\\VC7Libs\\Ship\\ATLMFC\\Src\\MFC\\winfrm.cpp
101781d0	unicode	ReBarWindow32
101781ec	string	CFrameWnd
101781f8	string	CView
10178200	string	CControlBar
101784c0	string	CMiniFrameWnd
101784d0	string	CMFCToolBarColorButton
101784e8	string	CMFCColorBar
10178a3c	unicode	Hex={%02X,%02X,%02X}
10178bc0	string	CMFCColorPopupMenu
10178c0c	unicode	AFX_WM_ON_AFTER_SHELL_COMMAND
10178c48	string	CMFCToolBarComboBoxButton
10178f88	unicode	Open
10178f94	string	CMFCToolBarFontComboBox
10178fac	string	CMFCToolBarFontSizeComboBox
10179368	string	CMFCHeaderCtrl
10179600	string	CMFCPropertyGridToolTipCtrl
101796a4	string	CWinAppEx
10179a94	string	CMFCListCtrl
10179b88	unicode	Pause
10179f50	string	CMFCVisualManagerOffice2007
10179f6c	unicode	IDX_OFFICE2007_STYLE
10179f98	unicode	BLUE_
10179fa4	unicode	BLACK_
10179fb4	unicode	AQUA_
10179fc0	unicode	SILVER_
10179fd0	unicode	STYLE_XML
10179fe4	unicode	STYLE
10179ff0	unicode	VERSION
1017a000	unicode	NUMBER
1017a010	unicode	TYPE
1017a01c	unicode	ID_PREFIX
1017a030	unicode	GLOBALS
1017a040	unicode	BarText
1017a050	unicode	BarFace
1017a060	unicode	ActiveCaption
1017a07c	unicode	CaptionText
1017a094	unicode	InactiveCaption
1017a0b4	unicode	InactiveCaptionText
1017a0dc	unicode	BarShadow
1017a0f0	unicode	BarDkShadow
1017a108	unicode	BarLight
1017a11c	unicode	FloatToolBarBorder
1017a144	unicode	HighlightGradientDark
1017a170	unicode	HighlightGradientLight
1017a1a0	unicode	HighlightDnGradientDark
1017a1d0	unicode	HighlightDnGradientLight
1017a204	unicode	HighlightCheckedGradientDark
1017a240	unicode	HighlightCheckedGradientLight
1017a27c	unicode	PressedButtonBorder
1017a2a4	unicode	Highlight
1017a2b8	unicode	HighlightText
1017a2d4	unicode	MenuShadowColor
1017a2f4	unicode	MAINWND
1017a304	unicode	CAPTION
1017a314	unicode	FONT
1017a320	unicode	ActiveStart
1017a338	unicode	ActiveFinish
1017a354	unicode	InactiveStart
1017a370	unicode	InactiveFinish
1017a390	unicode	ActiveText
1017a3a8	unicode	InactiveText
1017a3c4	unicode	ActiveTitleText
1017a3e4	unicode	InactiveTitleText
1017a408	unicode	TextCenter
1017a420	unicode	IDB_OFFICE2007_MAINBORDER_CAPTION
1017a464	unicode	BORDER
1017a474	unicode	BUTTONS
1017a48c	unicode	SMALL
1017a498	unicode	ConstSize
1017a4ac	unicode	IconSize
1017a4c0	unicode	IDB_OFFICE2007_SYS_BTN_CLOSE
1017a4fc	unicode	IDB_OFFICE2007_SYS_BTN_RESTORE
1017a540	unicode	IDB_OFFICE2007_SYS_BTN_MAXIMIZE
1017a580	unicode	IDB_OFFICE2007_SYS_BTN_MINIMIZE
1017a5c0	unicode	IDB_OFFICE2007_SYS_BTN_BACK
1017a5f8	unicode	IDB_OFFICE2007_MAINBORDER
1017a62c	unicode	IDB_OFFICE2007_MDICHILDBORDER
1017a668	unicode	BORDER_MDICHILD
1017a688	unicode	MainClientArea
1017a6a8	unicode	Light
1017a6b4	unicode	Rarely
1017a6c4	unicode	Border
1017a6d4	unicode	Separator1
1017a6ec	unicode	Separator2
1017a704	unicode	GroupBackground
1017a724	unicode	GroupText
1017a738	unicode	ItemBorder
1017a750	unicode	BorderSize
1017a768	unicode	IDB_OFFICE2007_MENU_ITEM_BACK
1017a7a4	unicode	ItemBack
1017a7b8	unicode	IDB_OFFICE2007_MENU_ITEM_MARKER_C
1017a7fc	unicode	ItemCheck
1017a810	unicode	IDB_OFFICE2007_MENU_ITEM_MARKER_R
1017a854	unicode	ItemRadio
1017a868	unicode	IDB_OFFICE2007_MENU_ITEM_SHOWALL
1017a8ac	unicode	ItemShowAll
1017a8c4	unicode	IDB_OFFICE2007_MENU_BTN
1017a8f4	unicode	Highlighted
1017a910	unicode	IDB_OFFICE2007_MENU_BTN_DISABLED
1017a954	unicode	HighlightedDisabled
1017a980	unicode	IDB_OFFICE2007_MENU_BTN_VERT_SEPARATOR
1017a9d0	unicode	ButtonBorder
1017a9f0	unicode	IDB_OFFICE2007_MENU_BTN_SCROLL_T
1017aa34	unicode	ScrollBtn_T
1017aa50	unicode	IDB_OFFICE2007_MENU_BTN_SCROLL_B
1017aa94	unicode	ScrollBtn_B
1017aaac	unicode	TextNormal
1017aac4	unicode	TextHighlighted
1017aae4	unicode	TextDisabled
1017ab00	unicode	COLORS
1017ab10	unicode	Black
1017ab1c	unicode	Black2
1017ab2c	unicode	Gray
1017ab38	unicode	LtGray
1017ab48	unicode	White
1017ab54	unicode	DkGray
1017ab64	unicode	ImagesColor
1017ab7c	unicode	BARS
1017ab88	unicode	Bkgnd
1017ab94	unicode	GradientLight
1017abb0	unicode	GradientDark
1017abcc	unicode	GradientVertLight
1017abf0	unicode	GradientVertDark
1017ac14	unicode	CustomizeButtonGradientLight
1017ac50	unicode	CustomizeButtonGradientDark
1017ac88	unicode	IDB_OFFICE2007_GRIPPER
1017acb8	unicode	GRIPPER
1017acc8	unicode	IDB_OFFICE2007_TEAR
1017acf0	unicode	TEAR
1017acfc	unicode	IDB_OFFICE2007_TOOLBAR_BTN
1017ad34	unicode	IDB_OFFICE2007_TOOLBAR_BORDER
1017ad70	unicode	BottomLineColor
1017ad90	unicode	MENUBAR
1017ada0	unicode	IDB_OFFICE2007_MENUBAR_BTN
1017add8	unicode	POPUPBAR
1017adf0	unicode	IDB_OFFICE2007_POPUPMENU_BORDER
1017ae30	unicode	RESIZEBAR
1017ae48	unicode	IDB_OFFICE2007_POPUPMENU_RESIZEBAR
1017ae90	unicode	BACK
1017aea0	unicode	IDB_OFFICE2007_POPUPMENU_RESIZEBAR_ICON_HV
1017aef8	unicode	ICON_HV
1017af08	unicode	IDB_OFFICE2007_POPUPMENU_RESIZEBAR_ICON_HVT
1017af60	unicode	ICON_HVT
1017af78	unicode	IDB_OFFICE2007_POPUPMENU_RESIZEBAR_ICON_V
1017afcc	unicode	ICON_V
1017afdc	unicode	STATUSBAR
1017aff0	unicode	IDB_OFFICE2007_STATUSBAR_BACK
1017b030	unicode	IDB_OFFICE2007_STATUSBAR_BACK_EXT
1017b074	unicode	BACK_EXT
1017b088	unicode	IDB_OFFICE2007_STATUSBAR_PANEBORDER
1017b0d0	unicode	PANEBORDER
1017b0e8	unicode	IDB_OFFICE2007_STATUSBAR_SIZEBOX
1017b12c	unicode	SIZEBOX
1017b13c	unicode	TextExtendedDisabled
1017b168	unicode	CAPTIONBAR
1017b180	unicode	BorderNormal
1017b19c	unicode	BorderHighlighted
1017b1c0	unicode	BorderDisabled
1017b1e0	unicode	Selection
1017b1f4	unicode	COMBO
1017b200	unicode	BorderPressed
1017b21c	unicode	GradientStartNormal
1017b244	unicode	GradientFinishNormal
1017b270	unicode	BtnBorderNormal
1017b290	unicode	IDB_OFFICE2007_COMBOBOX_BTN
1017b2c8	unicode	IMAGE
1017b2d4	unicode	GradientStartHighlighted
1017b308	unicode	GradientFinishHighlighted
1017b33c	unicode	GradientStartDisabled
1017b368	unicode	GradientFinishDisabled
1017b398	unicode	GradientStartPressed
1017b3c4	unicode	GradientFinishPressed
1017b3f0	unicode	BtnBorderHighlighted
1017b41c	unicode	BtnBorderDisabled
1017b440	unicode	BtnBorderPressed
1017b464	unicode	TASK
1017b470	unicode	GROUP
1017b47c	unicode	DarkNormal
1017b494	unicode	LightNormal
1017b4ac	unicode	DarkHighlighted
1017b4cc	unicode	LightHighlighted
1017b4f0	unicode	AREA
1017b4fc	unicode	SPECIAL
1017b510	unicode	IDB_OFFICE2007_TASKPANE_SCROLL_BTN
1017b558	unicode	SCROLL_BUTTON
1017b574	unicode	TABS
1017b580	unicode	TextColorActive
1017b5a0	unicode	TextColorInactive
1017b5cc	unicode	IDB_OFFICE2007_TAB_3D
1017b5f8	unicode	FLAT
1017b604	unicode	IDB_OFFICE2007_TAB_FLAT
1017b634	unicode	BorderInnerNormal
1017b658	unicode	BorderInnerActive
1017b67c	unicode	BorderOuterNormal
1017b6a0	unicode	BorderOuterActive
1017b6c4	unicode	NormalStart
1017b6dc	unicode	NormalFinish
1017b6f8	unicode	NormalBorder
1017b714	unicode	HighlightedStart
1017b738	unicode	HighlightedFinish
1017b75c	unicode	HighlightedBorder
1017b780	unicode	PressedStart
1017b79c	unicode	PressedFinish
1017b7b8	unicode	PressedBorder
1017b7d4	unicode	RIBBON
1017b7e4	unicode	CATEGORY
1017b7f8	unicode	IDB_OFFICE2007_RIBBON_CATEGORY_BACK
1017b840	unicode	IDB_OFFICE2007_RIBBON_CATEGORY_TAB
1017b888	unicode	IDB_OFFICE2007_RIBBON_CATEGORY_TAB_SEP
1017b8d8	unicode	TAB_SEPARATOR
1017b8f8	unicode	IDB_OFFICE2007_RIBBON_BTN_PAGE_L
1017b93c	unicode	BUTTON_PAGE_L
1017b958	unicode	IDB_OFFICE2007_RIBBON_BTN_PAGE_R
1017b99c	unicode	BUTTON_PAGE_R
1017b9b8	unicode	PANEL
1017b9c8	unicode	IDB_OFFICE2007_RIBBON_PANEL_BACK_T
1017ba10	unicode	IDB_OFFICE2007_RIBBON_PANEL_BACK_B
1017ba58	unicode	IDB_OFFICE2007_RIBBON_BTN_LAUNCH
1017ba9c	unicode	LAUNCH_BTN
1017bab8	unicode	IDB_OFFICE2007_RIBBON_BTN_LAUNCH_ICON
1017bb04	unicode	LAUNCH_ICON
1017bb20	unicode	IDB_OFFICE2007_RIBBON_PANEL_SEPARATOR
1017bb6c	unicode	SEPARATOR
1017bb80	unicode	IDB_OFFICE2007_RIBBON_PANEL_QAT
1017bbc8	unicode	IDB_OFFICE2007_RIBBON_BTN_GROUP_F
1017bc0c	unicode	BUTTON_GROUP_F
1017bc30	unicode	IDB_OFFICE2007_RIBBON_BTN_GROUP_M
1017bc74	unicode	BUTTON_GROUP_M
1017bc98	unicode	IDB_OFFICE2007_RIBBON_BTN_GROUP_L
1017bcdc	unicode	BUTTON_GROUP_L
1017bd00	unicode	IDB_OFFICE2007_RIBBON_BTN_GROUP_S
1017bd44	unicode	BUTTON_GROUP_S
1017bd68	unicode	IDB_OFFICE2007_RIBBON_BTN_GROUPMENU_F_C
1017bdb8	unicode	BUTTON_GROUPMENU_F_C
1017bde8	unicode	IDB_OFFICE2007_RIBBON_BTN_GROUPMENU_F_M
1017be38	unicode	BUTTON_GROUPMENU_F_M
1017be68	unicode	IDB_OFFICE2007_RIBBON_BTN_GROUPMENU_M_C
1017beb8	unicode	BUTTON_GROUPMENU_M_C
1017bee8	unicode	IDB_OFFICE2007_RIBBON_BTN_GROUPMENU_M_M
1017bf38	unicode	BUTTON_GROUPMENU_M_M
1017bf68	unicode	IDB_OFFICE2007_RIBBON_BTN_GROUPMENU_L_C
1017bfb8	unicode	BUTTON_GROUPMENU_L_C
1017bfe8	unicode	IDB_OFFICE2007_RIBBON_BTN_GROUPMENU_L_M
1017c038	unicode	BUTTON_GROUPMENU_L_M
1017c068	unicode	IDB_OFFICE2007_RIBBON_BTN_NORMAL_S
1017c0b0	unicode	BUTTON_NORMAL_S
1017c0d0	unicode	IDB_OFFICE2007_RIBBON_BTN_NORMAL_B
1017c118	unicode	BUTTON_NORMAL_B
1017c138	unicode	IDB_OFFICE2007_RIBBON_BTN_DEFAULT
1017c17c	unicode	BUTTON_DEFAULT
1017c1a0	unicode	IDB_OFFICE2007_RIBBON_BTN_DEFAULT_ICON
1017c1f0	unicode	BUTTON_DEFAULT_ICON
1017c218	unicode	IDB_OFFICE2007_RIBBON_BTN_DEFAULT_IMAGE
1017c268	unicode	BUTTON_DEFAULT_IMAGE
1017c298	unicode	IDB_OFFICE2007_RIBBON_BTN_DEFAULT_QAT
1017c2e4	unicode	BUTTON_DEFAULT_QAT
1017c310	unicode	IDB_OFFICE2007_RIBBON_BTN_DEFAULT_QAT_ICON
1017c368	unicode	BUTTON_DEFAULT_QAT_ICON
1017c398	unicode	IDB_OFFICE2007_RIBBON_BTN_MENU_H_C
1017c3e0	unicode	BUTTON_MENU_H_C
1017c400	unicode	IDB_OFFICE2007_RIBBON_BTN_MENU_H_M
1017c448	unicode	BUTTON_MENU_H_M
1017c468	unicode	IDB_OFFICE2007_RIBBON_BTN_MENU_V_C
1017c4b0	unicode	BUTTON_MENU_V_C
1017c4d0	unicode	IDB_OFFICE2007_RIBBON_BTN_MENU_V_M
1017c518	unicode	BUTTON_MENU_V_M
1017c538	unicode	IDB_OFFICE2007_RIBBON_BTN_CHECK
1017c578	unicode	BUTTON_CHECK
1017c598	unicode	IDB_OFFICE2007_RIBBON_BTN_PALETTE_T
1017c5e0	unicode	BUTTON_PNL_T
1017c600	unicode	IDB_OFFICE2007_RIBBON_BTN_PALETTE_M
1017c648	unicode	BUTTON_PNL_M
1017c668	unicode	IDB_OFFICE2007_RIBBON_BTN_PALETTE_B
1017c6b0	unicode	BUTTON_PNL_B
1017c6cc	unicode	Normal
1017c6dc	unicode	Disabled
1017c6f0	unicode	Pressed
1017c700	unicode	CONTEXT
1017c710	unicode	IDB_OFFICE2007_RIBBON_CONTEXT_R_
1017c758	unicode	IDB_OFFICE2007_RIBBON_CONTEXT_O_
1017c7a0	unicode	IDB_OFFICE2007_RIBBON_CONTEXT_Y_
1017c7e8	unicode	IDB_OFFICE2007_RIBBON_CONTEXT_G_
1017c830	unicode	IDB_OFFICE2007_RIBBON_CONTEXT_B_
1017c878	unicode	IDB_OFFICE2007_RIBBON_CONTEXT_I_
1017c8c0	unicode	IDB_OFFICE2007_RIBBON_CONTEXT_V_
1017c904	unicode	BTN_DEFAULT
1017c91c	unicode	CATEGORY_TAB
1017c938	unicode	CATEGORY_CAPTION
1017c95c	unicode	CATEGORY_BACK
1017c978	unicode	IDB_OFFICE2007_RIBBON_CONTEXT_PANEL_BACK_T
1017c9d0	unicode	IDB_OFFICE2007_RIBBON_CONTEXT_PANEL_BACK_B
1017ca28	unicode	IDB_OFFICE2007_RIBBON_CONTEXT_SEPARATOR
1017ca78	unicode	IDB_OFFICE2007_RIBBON_BTN_MAIN
1017cab8	unicode	MAIN_BUTTON
1017cad0	unicode	MAIN
1017cae0	unicode	IDB_OFFICE2007_RIBBON_PANEL_MAIN
1017cb28	unicode	IDB_OFFICE2007_RIBBON_PANEL_MAIN_BORDER
1017cb78	unicode	IDB_OFFICE2007_RIBBON_BTN_PANEL_MAIN
1017cbc8	unicode	IDB_OFFICE2007_RIBBON_CAPTION_QA
1017cc18	unicode	IDB_OFFICE2007_RIBBON_CAPTION_QA_GLASS
1017cc68	unicode	QA_GLASS
1017cc80	unicode	IDB_OFFICE2007_RIBBON_BTN_STATUS_PANE
1017cccc	unicode	PANE_BUTTON
1017cce4	unicode	SLIDER
1017ccf8	unicode	IDB_OFFICE2007_RIBBON_SLIDER_THUMB
1017cd40	unicode	THUMB
1017cd50	unicode	IDB_OFFICE2007_RIBBON_SLIDER_BTN_PLUS
1017cd9c	unicode	PLUS
1017cda8	unicode	IDB_OFFICE2007_RIBBON_SLIDER_BTN_MINUS
1017cdf8	unicode	MINUS
1017ce08	unicode	IDB_OFFICE2007_RIBBON_PROGRESS_BACK
1017ce50	unicode	IDB_OFFICE2007_RIBBON_PROGRESS_NORMAL
1017cea0	unicode	IDB_OFFICE2007_RIBBON_PROGRESS_NORMAL_EXT
1017cef4	unicode	NORMAL_EXT
1017cf10	unicode	IDB_OFFICE2007_RIBBON_PROGRESS_INFINITY
1017cf60	unicode	INFINITY
1017cf74	unicode	BORDERS
1017cf88	unicode	IDB_OFFICE2007_RIBBON_BORDER_QAT
1017cfd0	unicode	IDB_OFFICE2007_RIBBON_BORDER_FLOATY
1017d018	unicode	FLOATY
1017d028	unicode	KEYTIP
1017d038	unicode	IDB_OFFICE2007_RIBBON_KEYTIP_BACK
1017d07c	unicode	HYPERLINK
1017d090	unicode	Inactive
1017d0a4	unicode	Active
1017d0b4	unicode	StatusbarInactive
1017d0d8	unicode	StatusbarActive
1017d0f8	unicode	OUTLOOK
1017d108	unicode	PAGEBUTTON
1017d120	unicode	IDB_OFFICE2007_OUTLOOK_BTN_PAGE
1017d160	unicode	TextPressed
1017d180	unicode	IDB_OFFICE2007_OUTLOOK_BAR_BACK
1017d1c0	unicode	POPUP
1017d1cc	unicode	GradientFillLight
1017d1f0	unicode	GradientFillDark
1017d214	unicode	MSG_CHECKEMPTYMINIFRAME
1017d244	string	CPaneFrameWnd
1017d838	unicode	Afx:MiniFrame
1017d854	unicode	DUMMY
1017d934	unicode	DockingManagers
1017d954	unicode	%TsDockingManager-%d
1017d980	unicode	DockingPaneAndPaneDividers
1017dbd4	string	CFrameWndEx
1017e198	string	CMDIFrameWndEx
1017e78c	string	COleIPFrameWndEx
1017eb44	string	COleDocIPFrameWndEx
1017ecc8	unicode	AFX_WM_AFTER_TASKBAR_ACTIVATE
1017f0d0	string	CMDIChildWndEx
1017f328	unicode	AFX_SUPERBAR_TAB
1017f35c	string	CMDITabProxyWnd
1017f474	string	CCriticalSection
1017f488	string	CSyncObject
1017f494	string	CMFCPopupMenuBar
1017fa50	unicode	Control Panel\\Desktop
1017fa7c	unicode	MenuShowDelay
1017fc84	string	COleCntrFrameWndEx
1017fd88	string	CDockingPanesRow
1017fd9c	unicode	SOFTWARE\\
1017fe28	string	CSettingsStore
1017fe40	string	CMultiPaneFrameWnd
101805a8	string	CBaseTabbedPane
10180650	string	CDockablePaneAdapter
10180a4c	unicode	%TsDockablePaneAdapter-%d
10180a80	unicode	%TsDockablePaneAdapter-%d%x
10180ab8	unicode	BarName
101811b8	string	CDockSite
10181278	unicode	Afx:DockPane
101812c0	string	CMFCReBar
101812cc	string	CTabbedPane
10181d54	string	CMFCBaseAccessibleObject
10181d70	string	CMFCRibbonSeparator
10181d84	string	CMFCRibbonBaseElement
10181d9c	unicode	Execute
10181dac	unicode	Press
10181db8	unicode	Separator
10181dcc	unicode	Alt, 
10182094	string	CMFCRibbonButton
101820a8	unicode	Close
10182748	string	CMFCRibbonLaunchButton
10182760	string	CMFCRibbonDefaultPanelButton
10182780	unicode	group
1018278c	string	CMFCRibbonPanel
1018279c	unicode	Group
10182dbc	string	CMFCRibbonTab
10182dcc	string	CMFCRibbonCategory
10182e04	string	CReBar
10182e0c	string	CMFCOutlookBarPaneButton
10182f00	string	CMFCToolBarMenuButton
10183024	unicode	CMFCToolBarMenuButton
1018316c	string	CMFCShowAllButton
101834d8	string	CMFCCaptionBar
101836a0	unicode	Caption Bar
1018370c	string	CMFCAutoHideButton
10183720	unicode	AFX_WM_POSTSETPREVIEWFRAME
10183d5c	string	CMFCRibbonEdit
10183d6c	string	CMFCRibbonRichEditCtrl
10183ec4	string	CMemFile
1018408c	unicode	windows
1018409c	unicode	DragMinDist
101840b4	unicode	DragDelay
101840c8	string	CUserTool
10184204	string	CMFCToolBarButton
101842e8	unicode	ToolbarButton%p
10184780	string	CMFCToolBarsCustomizeDialog
10184808	string	CMFCCustomizeButton
10184920	unicode	MenuCommand
10184938	unicode	MenuPopup
1018494c	string	CHelpComboBoxButton
10184960	string	CMFCMenuBar
10184f58	unicode	MenuBar
10184f68	string	CMFCToolBarSystemMenuButton
10185084	string	CMFCDropDownToolBar
10185098	string	CMFCDropDownFrame
101850ac	string	CMFCDropDownToolbarButton
101859a4	string	CMFCToolBarMenuButtonsButton
10185a6c	unicode	windows
10185a7c	unicode	DragScrollDelay
10185a9c	unicode	DragScrollInset
10185abc	unicode	DragScrollInterval
10185ae8	unicode	d:\\agent\\_work\\57\\s\\src\\vctools\\VC7Libs\\Ship\\ATLMFC\\Src\\MFC\\oledrop2.cpp
10185b7c	string	CDockablePane
10185b8c	unicode	AFX_WM_ON_PRESS_CLOSE_BUTTON
101861b0	unicode	AFX_WM_ON_MOVETOTABGROUP
101861e4	string	ImageList_Remove
10186390	string	CMDIClientAreaWnd
10186510	unicode	MDIClientArea
1018652c	unicode	%TsMDIClientArea-%d
10186554	unicode	MDITabsState
10186f98	string	COutlookCustomizeButton
10186fb0	string	CMFCOutlookBarToolBar
10187030	string	CMFCOutlookBarTabCtrl
10187398	string	CMFCOutlookBarPaneAdapter
101877b4	unicode	%s%s%X.tmp
101877cc	string	CDocument
10187804	string	CMapStringToPtr
101879c4	string	CMFCToolTipCtrl
10187a70	unicode	    
10187a7c	string	CStringArray
10187aa0	unicode	d:\\agent\\_work\\57\\s\\src\\vctools\\VC7Libs\\Ship\\ATLMFC\\Src\\MFC\\array_s.cpp
10187bcc	string	CMFCControlRenderer
10187be0	string	CMFCShadowRenderer
10187dc8	string	CMFCToolBarsMenuPropertyPage
10187e80	unicode	Can't create context menu!
10187eb8	unicode	%Tc%d%Tc%Ts
1018807c	string	CDialogEx
10188270	string	CMFCCustomizeMenuButton
101884c0	string	CMFCRibbonMiniToolBar
10188544	string	CToolBar
10188a38	string	CDockBar
10188a44	string	CMiniDockFrameWnd
10188a58	string	ChooseColorW
10188c20	string	CColorDialog
10189060	unicode	RGB(%d, %d, %d)
101895fc	string	CMFCRibbonColorMenuButton
10189618	string	CMFCRibbonColorButton
10189630	unicode	TOOLBAR__GETDOCUMENTCOLORS
10189668	string	CMFCColorMenuButton
10189794	string	PrintDlgW
10189988	string	CPrintDialog
10189998	string	CDockState
101899b4	string	CMouseManager
10189a00	string	CMultiDocTemplate
10189f70	unicode	mdiclient
1018a098	string	CMDIFrameWnd
1018a0a8	string	CMDIChildWnd
1018a3f0	string	CMFCVisualManagerOfficeXP
1018a770	string	CMFCVisualManagerOffice2003
1018ada8	string	CMFCRibbonGalleryIcon
1018adc0	unicode	DoubleClick
1018add8	string	CMFCRibbonGallery
1018ae08	string	CMFCRibbonStatusBar
1018ae1c	string	CMFCTasksPaneFrameWnd
1018b0d0	unicode	Back
1018b0dc	unicode	Forward
1018b0ec	unicode	Other Tasks Pane
1018b12c	string	CMFCStatusBar
1018b678	string	CMFCRibbonQuickAccessCustomizeButton
1018b6a0	string	CMFCRibbonQuickAccessToolBar
1018b6c8	unicode	%Tc%Tc
1018b6d8	unicode	Quick Access Toolbar
1018b704	unicode	AFX_WM_POSTRECALCLAYOUT
1018b738	unicode	AFX_WM_ON_CHANGE_RIBBON_CATEGORY
1018b77c	unicode	AFX_WM_ON_RIBBON_CUSTOMIZE
1018b7b8	unicode	AFX_WM_ON_HIGHLIGHT_RIBBON_LIST_ITEM
1018b808	unicode	AFX_WM_ON_BEFORE_SHOW_RIBBON_ITEM_MENU
1018bb40	string	CMFCRibbonCaptionButton
1018bb58	string	CMFCRibbonBar
1018bf20	string	CMFCRibbonRecentFilesList
1018bf3c	unicode	1&0 %Ts
1018bf4c	string	CMFCRibbonMainPanel
1018c61c	string	CMFCRibbonPanelMenuBar
1018c790	string	CMFCRibbonPanelMenu
1018cb84	string	CMFCAutoHideBar
1018ccbc	string	CPaneContainer
1018cce0	string	CPaneDivider
1018d128	unicode	Afx:TrackingWnd
1018d2c0	unicode	Afx:Slider
1018d388	string	CPaneContainerManager
1018d680	string	CAutoHideDockSite
1018d6d4	string	CDocItem
1018d754	string	COleDocument
1018dd9c	string	CPreviewViewEx
1018ddac	string	CMFCPrintPreviewToolBar
1018de9c	unicode	WINDOW_HELP
1018e278	unicode	d:\\agent\\_work\\57\\s\\src\\vctools\\VC7Libs\\Ship\\ATLMFC\\Src\\MFC\\oleipfrm.cpp
1018e450	string	COleIPFrameWnd
1018e660	string	COleDocIPFrameWnd
1018e6b0	string	COleServerDoc
1018e6ec	string	CUIntArray
1018ea98	string	CSmartDockingStandaloneGuide
1018eab8	string	CSmartDockingGroupGuidesManager
1018eed0	string	COleDispatchException
1018f15c	string	CMFCRibbonButtonsGroup
1018f600	string	CMFCRibbonLabel
1018fb78	string	CRibbonUndoLabel
1018fb8c	string	CMFCRibbonUndoButton
1018fd7c	string	CMFCDropDownListBox
1018fd98	unicode	MSFTEDIT.DLL
1018fdb4	unicode	RICHEDIT50W
1018fe48	unicode	d:\\agent\\_work\\57\\s\\src\\vctools\\VC7Libs\\Ship\\ATLMFC\\Src\\MFC\\olestrm.cpp
1018fed8	string	COleStreamFile
1018ff74	string	CSharedFile
10190ff0	string	CMFCToolBarsCommandsPropertyPage
10191014	string	CMFCToolBarsListPropertyPage
1019177c	string	CMFCMousePropertyPage
101919ec	string	CMFCToolBarsKeyboardPropertyPage
10191af0	unicode	????
10191cd0	string	CMFCToolBarsOptionsPropertyPage
10191f48	string	CCheckListBox
1019234c	string	CDocTemplate
10192854	string	CMFCStandardColorsPropertyPage
10192ae4	string	CMFCCustomColorsPropertyPage
10192d9c	string	CMFCColorPropertySheet
10192e0c	string	CMFCToolBarEditBoxButton
10193138	string	CTasksPaneNavigateButton
10193154	string	CTasksPaneHistoryButton
1019316c	string	CTasksPaneMenuButton
10193184	string	CMFCTasksPaneToolBar
1019319c	string	CMFCTasksPane
10193fb0	unicode	MFCTasksPanes
10193fcc	unicode	%TsMFCTasksPane-%d
10193ff4	unicode	%TsMFCTasksPane-%d%x
10194020	unicode	Settings
10194048	unicode	Tasks Pane
10194068	unicode	NAME
10194074	unicode	VALUE
10194080	unicode	TEXT
1019408c	unicode	DESCRIPTION
101940a4	unicode	KEYS
101940b0	unicode	KEYS_MENU
101940c4	unicode	ID_HDPI
101940d4	unicode	PALETTE_TOP
101940ec	unicode	ALWAYS_LARGE
10194108	unicode	ALWAYS_DESCRIPTION
10194130	unicode	INDEX
1019413c	unicode	INDEX_SMALL
10194154	unicode	INDEX_LARGE
1019416c	unicode	DEFAULT_COMMAND
1019418c	unicode	LINK
10194198	unicode	WIDTH_FLOATY
101941b4	unicode	SPIN_BUTTONS
101941e0	unicode	EDIT_BOX
101941f4	unicode	DROPDOWN_LIST
10194210	unicode	DROPDOWN_LIST_RESIZE
1019423c	unicode	FONT_TYPE
10194250	unicode	CHAR_SET
10194264	unicode	PITCH_AND_FAMILY
10194288	unicode	BUTTON_MODE
101942a0	unicode	MENU_RESIZE
101942b8	unicode	MENU_RESIZE_VERTICAL
101942e4	unicode	ICONS_IN_ROW
10194300	unicode	SIZE_ICON
10194314	unicode	COLOR
10194320	unicode	SIMPLE_LOOK
10194338	unicode	AUTOMATIC_BTN
10194354	unicode	OTHER_BTN
10194370	unicode	ZOOM_BUTTONS
1019438c	unicode	HORIZ
10194398	unicode	QAT_TOP
101943a8	unicode	JUSTIFY_COLUMNS
101943c8	unicode	CENTER_COLUMN_VERT
101943f0	unicode	ENABLE
10194400	unicode	ENABLE_TOOLTIPS
10194420	unicode	ENABLE_TOOLTIPS_DESCRIPTION
10194458	unicode	ENABLE_KEYS
10194470	unicode	ENABLE_PRINTPREVIEW
10194498	unicode	ENABLE_DRAWUSINGFONT
101944c4	unicode	LABEL
101944d0	unicode	VISIBLE
101944e0	unicode	INFINITE
101944f4	unicode	RECENT_FILE_LIST
10194518	unicode	ELEMENT_NAME
10194534	unicode	ELEMENT
10194544	unicode	ELEMENTS
10194558	unicode	ITEM
10194564	unicode	ITEMS
10194570	unicode	PANELS
10194580	unicode	CATEGORIES
10194598	unicode	CONTEXTS
101945ac	unicode	GROUPS
101945bc	unicode	BUTTON_MAIN
101945d4	unicode	QAT_ELEMENTS
101945f0	unicode	TAB_ELEMENTS
1019460c	unicode	BUTTON_LAUNCH
10194628	unicode	CATEGORY_MAIN
10194644	unicode	IMAGE_SMALL
1019465c	unicode	IMAGE_LARGE
10194674	unicode	Button_Check
10194690	unicode	Button_Color
101946ac	unicode	Button_Undo
101946c4	unicode	Button_Gallery
101946e4	unicode	Button_LinkCtrl
10194704	unicode	Button_Main
1019471c	unicode	Button_Main_Panel
10194740	unicode	Button_Launch
1019475c	unicode	Label
10194768	unicode	ComboBox_Font
10194784	unicode	Slider
10194794	unicode	Progress
101947a8	unicode	Panel
101947b4	unicode	Category
101947c8	unicode	Context
101947d8	unicode	Category_Main
101947f4	unicode	RibbonBar
10194808	unicode	AFX_RIBBON
10194820	unicode	SIZES
1019482c	unicode	RIBBON_BAR
10194860	string	COleLinkingDoc
10194c40	string	CPreviewView
10194c50	unicode	commdlg_FindReplace
101951c8	unicode	Native
101951d8	unicode	OwnerLink
101951ec	unicode	ObjectLink
10195204	unicode	Embedded Object
10195224	unicode	Embed Source
10195240	unicode	Link Source
10195258	unicode	Object Descriptor
1019527c	unicode	Link Source Descriptor
101952ac	unicode	FileName
101952c0	unicode	FileNameW
101952d4	unicode	Rich Text Format
101952f8	unicode	RichEdit Text and Objects
10195330	unicode	api-ms-win-core-synch-l1-2-0.dll
10195374	string	SleepConditionVariableCS
10195390	string	WakeAllConditionVariable
10195510	unicode	ERROR : Unable to initialize critical section in CAtlBaseModule\n
101955a4	string	Unknown exception
101955c4	string	bad exception
10195958	string	__based(
10195964	string	__cdecl
1019596c	string	__pascal
10195978	string	__stdcall
10195984	string	__thiscall
10195990	string	__fastcall
1019599c	string	__vectorcall
101959ac	string	__clrcall
101959c0	string	__swift_1
101959cc	string	__swift_2
101959e0	string	__restrict
101959ec	string	__unaligned
101959f8	string	restrict(
10195a0c	string	 delete
10195a30	string	operator
10195ab8	string	`vftable'
10195ac4	string	`vbtable'
10195ae4	string	`local static guard'
10195afc	string	`string'
10195b08	string	`vbase destructor'
10195b1c	string	`vector deleting destructor'
10195b3c	string	`default constructor closure'
10195b5c	string	`scalar deleting destructor'
10195b7c	string	`vector constructor iterator'
10195b9c	string	`vector destructor iterator'
10195bbc	string	`vector vbase constructor iterator'
10195be0	string	`virtual displacement map'
10195bfc	string	`eh vector constructor iterator'
10195c20	string	`eh vector destructor iterator'
10195c40	string	`eh vector vbase constructor iterator'
10195c68	string	`copy constructor closure'
10195c84	string	`udt returning'
10195ca0	string	`local vftable'
10195cb0	string	`local vftable constructor closure'
10195cdc	string	 delete[]
10195ce8	string	`omni callsig'
10195cf8	string	`placement delete closure'
10195d14	string	`placement delete[] closure'
10195d34	string	`managed vector constructor iterator'
10195d5c	string	`managed vector destructor iterator'
10195d84	string	`eh vector copy constructor iterator'
10195dac	string	`eh vector vbase copy constructor iterator'
10195dd8	string	`dynamic initializer for '
10195df4	string	`dynamic atexit destructor for '
10195e18	string	`vector copy constructor iterator'
10195e3c	string	`vector vbase copy constructor iterator'
10195e68	string	`managed vector copy constructor iterator'
10195e94	string	`local static thread guard'
10195eb0	string	operator "" 
10195ec0	string	operator co_await
10195ed4	string	operator<=>
10195ee0	string	 Type Descriptor'
10195ef4	string	 Base Class Descriptor at (
10195f10	string	 Base Class Array'
10195f24	string	 Class Hierarchy Descriptor'
10195f44	string	 Complete Object Locator'
10195f60	string	`anonymous namespace'
10195f84	unicode	api-ms-win-core-fibers-l1-1-1
10195fc0	unicode	api-ms-win-core-synch-l1-2-0
10195ffc	unicode	kernel32
10196010	unicode	api-ms-
10196028	string	FlsAlloc
1019603c	string	FlsFree
1019604c	string	FlsGetValue
10196060	string	FlsSetValue
10196074	string	InitializeCriticalSectionEx
1019614c	unicode	(null)
1019615c	string	(null)
10196c98	unicode	minkernel\\crts\\ucrt\\inc\\corecrt_internal_strtox.h
10196d00	unicode	__crt_strtox::floating_point_value::as_double
10196d5c	unicode	_is_double
10196d78	unicode	__crt_strtox::floating_point_value::as_float
10196dd4	unicode	!_is_double
10196e78	unicode	INITY
10196e84	unicode	inity
10196ea2	unicode	NAN)
10196eae	unicode	nan)
1019700c	unicode	mscoree.dll
10197024	string	CorExitProcess
10197108	string	NAN(SNAN)
10197114	string	nan(snan)
10197120	string	NAN(IND)
1019712c	string	nan(ind)
10197138	string	e+000
101972c0	string	Sunday
101972c8	string	Monday
101972d0	string	Tuesday
101972d8	string	Wednesday
101972e4	string	Thursday
101972f0	string	Friday
101972f8	string	Saturday
10197334	string	January
1019733c	string	February
10197348	string	March
10197350	string	April
10197368	string	August
10197370	string	September
1019737c	string	October
10197384	string	November
10197390	string	December
101973a4	string	MM/dd/yy
101973b0	string	dddd, MMMM dd, yyyy
101973c4	string	HH:mm:ss
10197408	unicode	Sunday
10197418	unicode	Monday
10197428	unicode	Tuesday
10197438	unicode	Wednesday
1019744c	unicode	Thursday
10197460	unicode	Friday
10197470	unicode	Saturday
101974e4	unicode	January
101974f4	unicode	February
10197508	unicode	March
10197514	unicode	April
10197520	unicode	June
1019752c	unicode	July
10197538	unicode	August
10197548	unicode	September
1019755c	unicode	October
1019756c	unicode	November
10197580	unicode	December
101975a4	unicode	MM/dd/yy
101975b8	unicode	dddd, MMMM dd, yyyy
101975e0	unicode	HH:mm:ss
10197648	unicode	api-ms-win-core-datetime-l1-1-1
10197688	unicode	api-ms-win-core-file-l1-2-2
101976c0	unicode	api-ms-win-core-localization-l1-2-1
10197708	unicode	api-ms-win-core-localization-obsolete-l1-2-0
10197768	unicode	api-ms-win-core-processthreads-l1-1-2
101977b4	unicode	api-ms-win-core-string-l1-1-0
101977f0	unicode	api-ms-win-core-sysinfo-l1-2-1
10197830	unicode	api-ms-win-core-winrt-l1-1-0
1019786c	unicode	api-ms-win-core-xstate-l2-1-0
101978a8	unicode	api-ms-win-rtcore-ntuser-window-l1-1-0
101978f8	unicode	api-ms-win-security-systemfunctions-l1-1-0
10197950	unicode	ext-ms-win-ntuser-dialogbox-l1-1-0
10197998	unicode	ext-ms-win-ntuser-windowstation-l1-1-0
101979e8	unicode	advapi32
101979fc	unicode	ntdll
10197a08	unicode	api-ms-win-appmodel-runtime-l1-1-2
10197a50	unicode	user32
10197a60	unicode	ext-ms-
10197a74	string	AreFileApisANSI
10197a8c	string	CompareStringEx
10197acc	string	LCMapStringEx
10197ae4	string	LocaleNameToLCID
10197afc	string	RoInitialize
10197b10	string	RoUninitialize
10197b24	string	AppPolicyGetProcessTerminationMethod
10197b50	string	AppPolicyGetThreadInitializationType
10197b80	string	SetThreadStackGuarantee
10197ba0	string	SystemFunction036
101984e4	string	log10
1019885c	string	1#INF
10198864	string	1#QNAN
1019886c	string	1#SNAN
10198874	string	1#IND
1019a024	string	floor
1019a078	string	_nextafter
1019a520	string	log10
1019a528	unicode	CONOUT$
1019ae60	unicode	atlTraceGeneral
1019ae80	unicode	atlTraceCOM
1019ae98	unicode	atlTraceQI
1019aeb0	unicode	atlTraceRegistrar
1019aed4	unicode	atlTraceRefcount
1019aef8	unicode	atlTraceWindowing
1019af1c	unicode	atlTraceControls
1019af40	unicode	atlTraceHosting
1019af60	unicode	atlTraceDBClient
1019af84	unicode	atlTraceDBProvider
1019afac	unicode	atlTraceSnapin
1019afcc	unicode	atlTraceNotImpl
1019afec	unicode	atlTraceAllocation
1019b014	unicode	atlTraceException
1019b038	unicode	atlTraceTime
1019b054	unicode	atlTraceCache
1019b070	unicode	atlTraceStencil
1019b090	unicode	atlTraceString
1019b0b0	unicode	atlTraceMap
1019b0c8	unicode	atlTraceUtil
1019b0e4	unicode	atlTraceSecurity
1019b108	unicode	atlTraceSync
1019b124	unicode	atlTraceISAPI
1019b140	unicode	Invalid DateTime
1019b164	unicode	Invalid DateTimeSpan
1019b1a8	unicode	ForceRemove
1019b1c0	unicode	NoRemove
1019b1d4	unicode	Delete
1019b1e4	unicode	AppID
1019b1f0	unicode	CLSID
1019b1fc	unicode	Component Categories
1019b228	unicode	FileType
1019b23c	unicode	Interface
1019b250	unicode	Hardware
1019b278	unicode	SECURITY
1019b28c	unicode	SYSTEM
1019b29c	unicode	Software
1019b2b0	unicode	TypeLib
1019b2c0	unicode	%04X
1019b2cc	unicode	%04X
1019b2d8	unicode	%04X
1019b2e4	unicode	%04X
1019b2f0	unicode	%04X
1019b324	unicode	COL01
1019b330	unicode	REV_
1019b33c	unicode	GetLastError: %d
1019b360	string	%d.%02d.%02d.%02d
1019b380	string	RtlGetVersion
1019b390	unicode	ntdll.dll
1019b3a4	string	RtlGetVersion
1019b3b4	unicode	ntdll.dll
1019b3c8	unicode	SeShutdownPrivilege
1019b3f0	string	BthLEEnum
1019b3fc	unicode	%04X
1019b408	unicode	%04X
1019b434	string	OpenSCManager failed (%d)\n
1019b450	string	OpenService failed (%d)\n
1019b46c	string	QueryServiceStatusEx failed (%d)\n
1019b490	string	Service is already stopped.\n
1019b4b0	string	Service stop pending...\n
1019b4cc	string	QueryServiceStatusEx failed (%d)\n
1019b4f0	string	Service stopped successfully.\n
1019b510	string	Service stop timed out.\n
1019b52c	string	ControlService failed (%d)\n
1019b548	string	QueryServiceStatusEx failed (%d)\n
1019b56c	string	Wait timed out\n
1019b57c	string	Service stopped successfully\n
101a43e0	string	.rdata
101a4418	string	.rdata$sxdata
101a44e0	string	.edata
101a4540	string	.data
101b1f7a	TerminatedCString	FWUpdaterDLL.dll
101b1f8b	TerminatedCString	BackToDefult
101b1f98	TerminatedCString	CheckPipeID
101b1fa4	TerminatedCString	CloseDevice
101b1fb0	TerminatedCString	ControlIn
101b1fba	TerminatedCString	ControlOut
101b1fc5	TerminatedCString	DFUErase
101b1fce	TerminatedCString	DFUExit
101b1fd6	TerminatedCString	DFUProgram
101b1fe1	TerminatedCString	DFUVerify
101b1feb	TerminatedCString	DevExist
101b1ff4	TerminatedCString	DoStopSvc
101b1ffe	TerminatedCString	EnterDeviceMode
101b200e	TerminatedCString	EnterPS4Bootloader
101b2021	TerminatedCString	ExistMonitor
101b202e	TerminatedCString	GetBLFWVERInBootloader
101b2045	TerminatedCString	GetBootloaderHandle
101b2059	TerminatedCString	GetDevManufacturer
101b206c	TerminatedCString	GetDevPIDInBootloader
101b2082	TerminatedCString	GetDevRegionList
101b2093	TerminatedCString	GetEditionID
101b20a0	TerminatedCString	GetFWVersion
101b20ad	TerminatedCString	GetFeatureRpt
101b20bb	TerminatedCString	GetOSVersion
101b20c8	TerminatedCString	GetPS4FWVerion
101b20d7	TerminatedCString	HaveBT
101b20de	TerminatedCString	InstallBLDriver
101b20ee	TerminatedCString	IsWindows10OrGreater
101b2103	TerminatedCString	IsWindows8BLUEOrGreater
101b211b	TerminatedCString	OpenDevice
101b2126	TerminatedCString	OutData
101b212e	TerminatedCString	ReadData
101b2137	TerminatedCString	ReadInputRptData
101b2148	TerminatedCString	RebootSystem
101b2155	TerminatedCString	SendCmd
101b215d	TerminatedCString	SetActiveProfile
101b216e	TerminatedCString	SetFeatureRpt
101b217c	TerminatedCString	delay
101b2cbe	TerminatedCString	ReadFile
101b2cca	TerminatedCString	SizeofResource
101b2cdc	TerminatedCString	HeapFree
101b2ce8	TerminatedCString	GetCurrentProcess
101b2cfc	TerminatedCString	InitializeCriticalSectionEx
101b2d1a	TerminatedCString	WaitForSingleObject
101b2d30	TerminatedCString	LocalAlloc
101b2d3e	TerminatedCString	CreateFileW
101b2d4c	TerminatedCString	HeapSize
101b2d58	TerminatedCString	CreateEventW
101b2d68	TerminatedCString	MultiByteToWideChar
101b2d7e	TerminatedCString	Sleep
101b2d86	TerminatedCString	GetLastError
101b2d96	TerminatedCString	LockResource
101b2da6	TerminatedCString	QueryPerformanceFrequency
101b2dc2	TerminatedCString	HeapReAlloc
101b2dd0	TerminatedCString	CloseHandle
101b2dde	TerminatedCString	RaiseException
101b2df0	TerminatedCString	LoadResource
101b2e00	TerminatedCString	FindResourceW
101b2e10	TerminatedCString	HeapAlloc
101b2e1c	TerminatedCString	GetOverlappedResult
101b2e32	TerminatedCString	DecodePointer
101b2e42	TerminatedCString	GetProcAddress
101b2e54	TerminatedCString	LocalFree
101b2e60	TerminatedCString	DeleteCriticalSection
101b2e78	TerminatedCString	GetProcessHeap
101b2e8a	TerminatedCString	GetModuleHandleW
101b2e9e	TerminatedCString	QueryPerformanceCounter
101b2eb8	TerminatedCString	GetTickCount
101b2ec8	TerminatedCString	WideCharToMultiByte
101b2ede	TerminatedCString	SetLastError
101b2eee	TerminatedCString	GlobalAlloc
101b2efc	TerminatedCString	GlobalSize
101b2f0a	TerminatedCString	GlobalLock
101b2f18	TerminatedCString	GlobalUnlock
101b2f28	TerminatedCString	GlobalFree
101b2f36	TerminatedCString	MulDiv
101b2f40	TerminatedCString	FormatMessageW
101b2f52	TerminatedCString	CopyFileW
101b2f5e	TerminatedCString	GetCurrentProcessId
101b2f74	TerminatedCString	GetModuleFileNameW
101b2f8a	TerminatedCString	OutputDebugStringA
101b2fa0	TerminatedCString	EnterCriticalSection
101b2fb8	TerminatedCString	LeaveCriticalSection
101b2fd0	TerminatedCString	InitializeCriticalSectionAndSpinCount
101b2ff8	TerminatedCString	GetModuleHandleA
101b300c	TerminatedCString	LoadLibraryW
101b301c	TerminatedCString	InitializeCriticalSection
101b3038	TerminatedCString	TlsAlloc
101b3044	TerminatedCString	TlsGetValue
101b3052	TerminatedCString	TlsSetValue
101b3060	TerminatedCString	TlsFree
101b306a	TerminatedCString	GlobalReAlloc
101b307a	TerminatedCString	GlobalHandle
101b308a	TerminatedCString	LocalReAlloc
101b309a	TerminatedCString	SetErrorMode
101b30aa	TerminatedCString	GetCurrentThreadId
101b30c0	TerminatedCString	SetThreadPriority
101b30d4	TerminatedCString	ResumeThread
101b30e4	TerminatedCString	lstrcmpA
101b30f0	TerminatedCString	GlobalGetAtomNameW
101b3106	TerminatedCString	FileTimeToSystemTime
101b311e	TerminatedCString	CompareStringW
101b3130	TerminatedCString	EncodePointer
101b3140	TerminatedCString	GetSystemDirectoryW
101b3156	TerminatedCString	FreeLibrary
101b3164	TerminatedCString	LoadLibraryExW
101b3176	TerminatedCString	LoadLibraryA
101b3186	TerminatedCString	GlobalDeleteAtom
101b319a	TerminatedCString	lstrcmpW
101b31a6	TerminatedCString	GlobalAddAtomW
101b31b8	TerminatedCString	GlobalFindAtomW
101b31ca	TerminatedCString	GlobalFlags
101b31d8	TerminatedCString	FindClose
101b31e4	TerminatedCString	FindFirstFileW
101b31f6	TerminatedCString	FlushFileBuffers
101b320a	TerminatedCString	GetFileSize
101b3218	TerminatedCString	GetFullPathNameW
101b322c	TerminatedCString	GetVolumeInformationW
101b3244	TerminatedCString	LockFile
101b3250	TerminatedCString	SetEndOfFile
101b3260	TerminatedCString	SetFilePointer
101b3272	TerminatedCString	UnlockFile
101b3280	TerminatedCString	WriteFile
101b328c	TerminatedCString	DuplicateHandle
101b329e	TerminatedCString	lstrcmpiW
101b32aa	TerminatedCString	GetVersionExW
101b32ba	TerminatedCString	GetUserDefaultUILanguage
101b32d6	TerminatedCString	VirtualProtect
101b32e8	TerminatedCString	FileTimeToLocalFileTime
101b3302	TerminatedCString	GetFileAttributesW
101b3318	TerminatedCString	GetFileAttributesExW
101b3330	TerminatedCString	GetFileSizeEx
101b3340	TerminatedCString	GetFileTime
101b334e	TerminatedCString	SystemTimeToTzSpecificLocalTime
101b3370	TerminatedCString	lstrcpyW
101b337c	TerminatedCString	GetCurrentDirectoryW
101b3394	TerminatedCString	FindResourceExW
101b33a6	TerminatedCString	GetWindowsDirectoryW
101b33be	TerminatedCString	VerSetConditionMask
101b33d4	TerminatedCString	VerifyVersionInfoW
101b33ea	TerminatedCString	GetTempPathW
101b33fa	TerminatedCString	GetProfileIntW
101b340c	TerminatedCString	SearchPathW
101b341a	TerminatedCString	GetTempFileNameW
101b342e	TerminatedCString	UnhandledExceptionFilter
101b344a	TerminatedCString	SetUnhandledExceptionFilter
101b3468	TerminatedCString	TerminateProcess
101b347c	TerminatedCString	IsProcessorFeaturePresent
101b3498	TerminatedCString	IsDebuggerPresent
101b34ac	TerminatedCString	GetStartupInfoW
101b34be	TerminatedCString	GetSystemTimeAsFileTime
101b34d8	TerminatedCString	InitializeSListHead
101b34ec	TerminatedCString	KERNEL32.dll
101b34fc	TerminatedCString	EnumDisplayDevicesW
101b3512	TerminatedCString	ExitWindowsEx
101b3522	TerminatedCString	GetMonitorInfoW
101b3534	TerminatedCString	UnregisterClassW
101b3548	TerminatedCString	GetMenuStringW
101b355a	TerminatedCString	GetMenuState
101b356a	TerminatedCString	GetSubMenu
101b3578	TerminatedCString	GetMenuItemID
101b3588	TerminatedCString	GetMenuItemCount
101b359c	TerminatedCString	InsertMenuW
101b35aa	TerminatedCString	AppendMenuW
101b35b8	TerminatedCString	RemoveMenu
101b35c6	TerminatedCString	SendMessageW
101b35d6	TerminatedCString	EnableWindow
101b35e6	TerminatedCString	IsWindowEnabled
101b35f8	TerminatedCString	MessageBoxW
101b3606	TerminatedCString	GetWindowLongW
101b3618	TerminatedCString	GetParent
101b3624	TerminatedCString	GetWindowThreadProcessId
101b3640	TerminatedCString	GetLastActivePopup
101b3656	TerminatedCString	UnhookWindowsHookEx
101b366c	TerminatedCString	GetMessageW
101b367a	TerminatedCString	TranslateMessage
101b368e	TerminatedCString	DispatchMessageW
101b36a2	TerminatedCString	PeekMessageW
101b36b2	TerminatedCString	IsWindowVisible
101b36c4	TerminatedCString	GetActiveWindow
101b36d6	TerminatedCString	GetKeyState
101b36e4	TerminatedCString	ValidateRect
101b36f4	TerminatedCString	GetCursorPos
101b3704	TerminatedCString	SetWindowsHookExW
101b3718	TerminatedCString	CallNextHookEx
101b372a	TerminatedCString	GetWindowTextW
101b373c	TerminatedCString	GetWindowTextLengthW
101b3754	TerminatedCString	GetSystemMetrics
101b3768	TerminatedCString	GetDC
101b3770	TerminatedCString	ReleaseDC
101b377c	TerminatedCString	GetSysColor
101b378a	TerminatedCString	GetSysColorBrush
101b379e	TerminatedCString	LoadCursorW
101b37ac	TerminatedCString	DrawTextW
101b37b8	TerminatedCString	DrawTextExW
101b37c6	TerminatedCString	GrayStringW
101b37d4	TerminatedCString	TabbedTextOutW
101b37e6	TerminatedCString	GetWindowDC
101b37f4	TerminatedCString	BeginPaint
101b3802	TerminatedCString	EndPaint
101b380e	TerminatedCString	ClientToScreen
101b3820	TerminatedCString	ScreenToClient
101b3832	TerminatedCString	FillRect
101b383e	TerminatedCString	GetFocus
101b384a	TerminatedCString	CheckMenuItem
101b385a	TerminatedCString	EnableMenuItem
101b386c	TerminatedCString	SetMenuItemBitmaps
101b3882	TerminatedCString	GetMenuCheckMarkDimensions
101b38a0	TerminatedCString	SetMenuItemInfoW
101b38b4	TerminatedCString	LoadBitmapW
101b38c2	TerminatedCString	RegisterWindowMessageW
101b38dc	TerminatedCString	GetMessagePos
101b38ec	TerminatedCString	GetMessageTime
101b38fe	TerminatedCString	PostMessageW
101b390e	TerminatedCString	DefWindowProcW
101b3920	TerminatedCString	CallWindowProcW
101b3932	TerminatedCString	RegisterClassW
101b3944	TerminatedCString	GetClassInfoW
101b3954	TerminatedCString	GetClassInfoExW
101b3966	TerminatedCString	CreateWindowExW
101b3978	TerminatedCString	IsWindow
101b3984	TerminatedCString	IsMenu
101b398e	TerminatedCString	IsChild
101b3998	TerminatedCString	DestroyWindow
101b39a8	TerminatedCString	SetWindowPos
101b39b8	TerminatedCString	GetWindowPlacement
101b39ce	TerminatedCString	SetWindowPlacement
101b39e4	TerminatedCString	BeginDeferWindowPos
101b39fa	TerminatedCString	DeferWindowPos
101b3a0c	TerminatedCString	EndDeferWindowPos
101b3a20	TerminatedCString	IsIconic
101b3a2c	TerminatedCString	GetDlgItem
101b3a3a	TerminatedCString	GetDlgCtrlID
101b3a4a	TerminatedCString	SetFocus
101b3a56	TerminatedCString	GetCapture
101b3a64	TerminatedCString	GetMenu
101b3a6e	TerminatedCString	SetMenu
101b3a78	TerminatedCString	TrackPopupMenu
101b3a8a	TerminatedCString	UpdateWindow
101b3a9a	TerminatedCString	SetActiveWindow
101b3aac	TerminatedCString	GetForegroundWindow
101b3ac2	TerminatedCString	SetForegroundWindow
101b3ad8	TerminatedCString	RedrawWindow
101b3ae8	TerminatedCString	ScrollWindow
101b3af8	TerminatedCString	SetScrollPos
101b3b08	TerminatedCString	GetScrollPos
101b3b18	TerminatedCString	SetScrollRange
101b3b2a	TerminatedCString	GetScrollRange
101b3b3c	TerminatedCString	ShowScrollBar
101b3b4c	TerminatedCString	SetPropW
101b3b58	TerminatedCString	GetPropW
101b3b64	TerminatedCString	RemovePropW
101b3b72	TerminatedCString	GetClientRect
101b3b82	TerminatedCString	GetWindowRect
101b3b92	TerminatedCString	AdjustWindowRectEx
101b3ba8	TerminatedCString	MapWindowPoints
101b3bba	TerminatedCString	CopyRect
101b3bc6	TerminatedCString	EqualRect
101b3bd2	TerminatedCString	PtInRect
101b3bde	TerminatedCString	SetWindowLongW
101b3bf0	TerminatedCString	GetClassLongW
101b3c00	TerminatedCString	GetClassNameW
101b3c10	TerminatedCString	GetTopWindow
101b3c20	TerminatedCString	GetWindow
101b3c2c	TerminatedCString	LoadIconW
101b3c38	TerminatedCString	SetScrollInfo
101b3c48	TerminatedCString	GetScrollInfo
101b3c58	TerminatedCString	WinHelpW
101b3c64	TerminatedCString	MonitorFromWindow
101b3c78	TerminatedCString	ShowWindow
101b3c86	TerminatedCString	MoveWindow
101b3c94	TerminatedCString	CheckDlgButton
101b3ca6	TerminatedCString	SetWindowTextW
101b3cb8	TerminatedCString	IsDialogMessageW
101b3ccc	TerminatedCString	GetDesktopWindow
101b3ce0	TerminatedCString	RealChildWindowFromPoint
101b3cfc	TerminatedCString	DestroyIcon
101b3d0a	TerminatedCString	CharUpperW
101b3d18	TerminatedCString	InflateRect
101b3d26	TerminatedCString	IntersectRect
101b3d36	TerminatedCString	DestroyMenu
101b3d44	TerminatedCString	GetMenuItemInfoW
101b3d58	TerminatedCString	SystemParametersInfoW
101b3d70	TerminatedCString	CopyImage
101b3d7c	TerminatedCString	SendDlgItemMessageA
101b3d92	TerminatedCString	SetRectEmpty
101b3da2	TerminatedCString	OffsetRect
101b3db0	TerminatedCString	PostQuitMessage
101b3dc2	TerminatedCString	CreateDialogIndirectParamW
101b3de0	TerminatedCString	EndDialog
101b3dec	TerminatedCString	GetNextDlgTabItem
101b3e00	TerminatedCString	GetAsyncKeyState
101b3e14	TerminatedCString	MapDialogRect
101b3e24	TerminatedCString	TrackMouseEvent
101b3e36	TerminatedCString	InvalidateRect
101b3e48	TerminatedCString	LoadImageW
101b3e56	TerminatedCString	ShowOwnedPopups
101b3e68	TerminatedCString	SetCursor
101b3e74	TerminatedCString	DeleteMenu
101b3e82	TerminatedCString	SetTimer
101b3e8e	TerminatedCString	KillTimer
101b3e9a	TerminatedCString	GetNextDlgGroupItem
101b3eb0	TerminatedCString	SetCapture
101b3ebe	TerminatedCString	ReleaseCapture
101b3ed0	TerminatedCString	WindowFromPoint
101b3ee2	TerminatedCString	DrawFocusRect
101b3ef2	TerminatedCString	IsRectEmpty
101b3f00	TerminatedCString	DrawIconEx
101b3f0e	TerminatedCString	GetIconInfo
101b3f1c	TerminatedCString	MessageBeep
101b3f2a	TerminatedCString	EnableScrollBar
101b3f3c	TerminatedCString	HideCaret
101b3f48	TerminatedCString	InvertRect
101b3f56	TerminatedCString	NotifyWinEvent
101b3f68	TerminatedCString	CreatePopupMenu
101b3f7a	TerminatedCString	GetMenuDefaultItem
101b3f90	TerminatedCString	MapVirtualKeyW
101b3fa2	TerminatedCString	GetKeyNameTextW
101b3fb4	TerminatedCString	LoadMenuW
101b3fc0	TerminatedCString	SetLayeredWindowAttributes
101b3fde	TerminatedCString	EnumDisplayMonitors
101b3ff4	TerminatedCString	OpenClipboard
101b4004	TerminatedCString	CloseClipboard
101b4016	TerminatedCString	SetClipboardData
101b402a	TerminatedCString	EmptyClipboard
101b403c	TerminatedCString	DrawStateW
101b404a	TerminatedCString	SetClassLongW
101b405a	TerminatedCString	SetWindowRgn
101b406a	TerminatedCString	SetParent
101b4076	TerminatedCString	DrawEdge
101b4082	TerminatedCString	DrawFrameControl
101b4096	TerminatedCString	IsZoomed
101b40a2	TerminatedCString	GetSystemMenu
101b40b2	TerminatedCString	BringWindowToTop
101b40c6	TerminatedCString	SetCursorPos
101b40d6	TerminatedCString	CopyIcon
101b40e2	TerminatedCString	FrameRect
101b40ee	TerminatedCString	DrawIcon
101b40fa	TerminatedCString	UnionRect
101b4106	TerminatedCString	UpdateLayeredWindow
101b411c	TerminatedCString	MonitorFromPoint
101b4130	TerminatedCString	LoadAcceleratorsW
101b4144	TerminatedCString	TranslateAcceleratorW
101b415c	TerminatedCString	InsertMenuItemW
101b416e	TerminatedCString	UnpackDDElParam
101b4180	TerminatedCString	ReuseDDElParam
101b4192	TerminatedCString	GetComboBoxInfo
101b41a4	TerminatedCString	PostThreadMessageW
101b41ba	TerminatedCString	WaitMessage
101b41c8	TerminatedCString	GetKeyboardLayout
101b41dc	TerminatedCString	IsCharLowerW
101b41ec	TerminatedCString	MapVirtualKeyExW
101b4200	TerminatedCString	ToUnicodeEx
101b420e	TerminatedCString	GetKeyboardState
101b4222	TerminatedCString	CreateAcceleratorTableW
101b423c	TerminatedCString	DestroyAcceleratorTable
101b4256	TerminatedCString	CopyAcceleratorTableW
101b426e	TerminatedCString	SetRect
101b4278	TerminatedCString	LockWindowUpdate
101b428c	TerminatedCString	SetMenuDefaultItem
101b42a2	TerminatedCString	GetDoubleClickTime
101b42b8	TerminatedCString	ModifyMenuW
101b42c6	TerminatedCString	RegisterClipboardFormatW
101b42e2	TerminatedCString	CharUpperBuffW
101b42f4	TerminatedCString	IsClipboardFormatAvailable
101b4312	TerminatedCString	GetUpdateRect
101b4322	TerminatedCString	DrawMenuBar
101b4330	TerminatedCString	DefFrameProcW
101b4340	TerminatedCString	DefMDIChildProcW
101b4354	TerminatedCString	TranslateMDISysAccel
101b436c	TerminatedCString	SubtractRect
101b437c	TerminatedCString	CreateMenu
101b438a	TerminatedCString	GetWindowRgn
101b439a	TerminatedCString	DestroyCursor
101b43a8	TerminatedCString	USER32.dll
101b43b6	TerminatedCString	CopyMetaFileW
101b43c6	TerminatedCString	CreateDCW
101b43d2	TerminatedCString	GetDeviceCaps
101b43e2	TerminatedCString	DeleteDC
101b43ee	TerminatedCString	BitBlt
101b43f8	TerminatedCString	CreateBitmap
101b4408	TerminatedCString	CreateCompatibleDC
101b441e	TerminatedCString	CreateHatchBrush
101b4432	TerminatedCString	CreatePen
101b443e	TerminatedCString	CreatePatternBrush
101b4454	TerminatedCString	CreateRectRgn
101b4464	TerminatedCString	CreateSolidBrush
101b4478	TerminatedCString	DeleteObject
101b4488	TerminatedCString	Escape
101b4492	TerminatedCString	ExcludeClipRect
101b44a4	TerminatedCString	GetClipBox
101b44b2	TerminatedCString	GetObjectType
101b44c2	TerminatedCString	GetPixel
101b44ce	TerminatedCString	GetStockObject
101b44e0	TerminatedCString	GetViewportExtEx
101b44f4	TerminatedCString	GetWindowExtEx
101b4506	TerminatedCString	IntersectClipRect
101b451a	TerminatedCString	LineTo
101b4524	TerminatedCString	PtVisible
101b4530	TerminatedCString	RectVisible
101b453e	TerminatedCString	RestoreDC
101b454a	TerminatedCString	SaveDC
101b4554	TerminatedCString	SelectClipRgn
101b4564	TerminatedCString	ExtSelectClipRgn
101b4578	TerminatedCString	SelectObject
101b4588	TerminatedCString	SelectPalette
101b4598	TerminatedCString	SetBkColor
101b45a6	TerminatedCString	SetBkMode
101b45b2	TerminatedCString	SetMapMode
101b45c0	TerminatedCString	SetLayout
101b45cc	TerminatedCString	GetLayout
101b45d8	TerminatedCString	SetPolyFillMode
101b45ea	TerminatedCString	SetROP2
101b45f4	TerminatedCString	SetTextColor
101b4604	TerminatedCString	SetTextAlign
101b4614	TerminatedCString	GetObjectW
101b4622	TerminatedCString	MoveToEx
101b462e	TerminatedCString	TextOutW
101b463a	TerminatedCString	ExtTextOutW
101b4648	TerminatedCString	SetViewportExtEx
101b465c	TerminatedCString	SetViewportOrgEx
101b4670	TerminatedCString	SetWindowExtEx
101b4682	TerminatedCString	SetWindowOrgEx
101b4694	TerminatedCString	OffsetViewportOrgEx
101b46aa	TerminatedCString	OffsetWindowOrgEx
101b46be	TerminatedCString	ScaleViewportExtEx
101b46d4	TerminatedCString	ScaleWindowExtEx
101b46e8	TerminatedCString	CombineRgn
101b46f6	TerminatedCString	CreateFontIndirectW
101b470c	TerminatedCString	CreateRectRgnIndirect
101b4724	TerminatedCString	PatBlt
101b472e	TerminatedCString	SetRectRgn
101b473c	TerminatedCString	DPtoLP
101b4746	TerminatedCString	GetTextExtentPoint32W
101b475e	TerminatedCString	GetTextMetricsW
101b4770	TerminatedCString	EnumFontFamiliesExW
101b4786	TerminatedCString	CreatePalette
101b4796	TerminatedCString	GetNearestPaletteIndex
101b47b0	TerminatedCString	GetPaletteEntries
101b47c4	TerminatedCString	GetSystemPaletteEntries
101b47de	TerminatedCString	RealizePalette
101b47f0	TerminatedCString	GetBkColor
101b47fe	TerminatedCString	CreateCompatibleBitmap
101b4818	TerminatedCString	CreateDIBitmap
101b482a	TerminatedCString	EnumFontFamiliesW
101b483e	TerminatedCString	GetTextCharsetInfo
101b4854	TerminatedCString	SetPixel
101b4860	TerminatedCString	StretchBlt
101b486e	TerminatedCString	CreateDIBSection
101b4882	TerminatedCString	SetDIBColorTable
101b4896	TerminatedCString	CreateEllipticRgn
101b48aa	TerminatedCString	Ellipse
101b48b4	TerminatedCString	GetTextColor
101b48c4	TerminatedCString	CreatePolygonRgn
101b48d8	TerminatedCString	Polygon
101b48e2	TerminatedCString	Polyline
101b48ee	TerminatedCString	CreateRoundRectRgn
101b4904	TerminatedCString	LPtoDP
101b490e	TerminatedCString	Rectangle
101b491a	TerminatedCString	GetRgnBox
101b4926	TerminatedCString	OffsetRgn
101b4932	TerminatedCString	RoundRect
101b493e	TerminatedCString	FillRgn
101b4948	TerminatedCString	FrameRgn
101b4954	TerminatedCString	GetBoundsRect
101b4964	TerminatedCString	PtInRegion
101b4972	TerminatedCString	ExtFloodFill
101b4982	TerminatedCString	SetPaletteEntries
101b4996	TerminatedCString	SetPixelV
101b49a2	TerminatedCString	GetWindowOrgEx
101b49b4	TerminatedCString	GetViewportOrgEx
101b49c8	TerminatedCString	GetTextFaceW
101b49d6	TerminatedCString	GDI32.dll
101b49e2	TerminatedCString	AlphaBlend
101b49f0	TerminatedCString	TransparentBlt
101b4a00	TerminatedCString	MSIMG32.dll
101b4a0e	TerminatedCString	OpenPrinterW
101b4a1e	TerminatedCString	DocumentPropertiesW
101b4a34	TerminatedCString	ClosePrinter
101b4a42	TerminatedCString	WINSPOOL.DRV
101b4a52	TerminatedCString	QueryServiceStatusEx
101b4a6a	TerminatedCString	OpenServiceW
101b4a7a	TerminatedCString	OpenProcessToken
101b4a8e	TerminatedCString	EnumDependentServicesW
101b4aa8	TerminatedCString	ControlService
101b4aba	TerminatedCString	OpenSCManagerW
101b4acc	TerminatedCString	CloseServiceHandle
101b4ae2	TerminatedCString	AdjustTokenPrivileges
101b4afa	TerminatedCString	LookupPrivilegeValueW
101b4b12	TerminatedCString	RegCloseKey
101b4b20	TerminatedCString	RegCreateKeyExW
101b4b32	TerminatedCString	RegDeleteKeyW
101b4b42	TerminatedCString	RegOpenKeyExW
101b4b52	TerminatedCString	RegDeleteValueW
101b4b64	TerminatedCString	RegEnumKeyExW
101b4b74	TerminatedCString	RegSetValueExW
101b4b86	TerminatedCString	RegQueryValueExW
101b4b98	TerminatedCString	ADVAPI32.dll
101b4ba8	TerminatedCString	ShellExecuteA
101b4bb8	TerminatedCString	SHGetFileInfoW
101b4bca	TerminatedCString	ShellExecuteW
101b4bda	TerminatedCString	SHGetPathFromIDListW
101b4bf2	TerminatedCString	SHGetSpecialFolderLocation
101b4c10	TerminatedCString	SHGetDesktopFolder
101b4c26	TerminatedCString	DragQueryFileW
101b4c38	TerminatedCString	DragFinish
101b4c46	TerminatedCString	SHBrowseForFolderW
101b4c5c	TerminatedCString	SHAppBarMessage
101b4c6c	TerminatedCString	SHELL32.dll
101b4c7a	TerminatedCString	PathFindExtensionW
101b4c90	TerminatedCString	PathFindFileNameW
101b4ca4	TerminatedCString	PathIsUNCW
101b4cb2	TerminatedCString	PathStripToRootW
101b4cc6	TerminatedCString	PathRemoveFileSpecW
101b4cdc	TerminatedCString	StrFormatKBSizeW
101b4cee	TerminatedCString	SHLWAPI.dll
101b4cfc	TerminatedCString	DrawThemeText
101b4d0c	TerminatedCString	DrawThemeParentBackground
101b4d28	TerminatedCString	OpenThemeData
101b4d38	TerminatedCString	CloseThemeData
101b4d4a	TerminatedCString	DrawThemeBackground
101b4d60	TerminatedCString	GetThemeColor
101b4d70	TerminatedCString	GetCurrentThemeName
101b4d86	TerminatedCString	GetWindowTheme
101b4d98	TerminatedCString	IsAppThemed
101b4da6	TerminatedCString	IsThemeBackgroundPartiallyTransparent
101b4dce	TerminatedCString	GetThemeSysColor
101b4de2	TerminatedCString	GetThemePartSize
101b4df4	TerminatedCString	UxTheme.dll
101b4e02	TerminatedCString	CoTaskMemAlloc
101b4e14	TerminatedCString	CoTaskMemFree
101b4e24	TerminatedCString	OleDuplicateData
101b4e38	TerminatedCString	ReleaseStgMedium
101b4e4c	TerminatedCString	CoCreateInstance
101b4e60	TerminatedCString	CoDisconnectObject
101b4e76	TerminatedCString	CoUninitialize
101b4e88	TerminatedCString	CoInitialize
101b4e98	TerminatedCString	CoInitializeEx
101b4eaa	TerminatedCString	CreateStreamOnHGlobal
101b4ec2	TerminatedCString	DoDragDrop
101b4ed0	TerminatedCString	OleGetClipboard
101b4ee2	TerminatedCString	CoLockObjectExternal
101b4efa	TerminatedCString	RegisterDragDrop
101b4f0e	TerminatedCString	RevokeDragDrop
101b4f20	TerminatedCString	OleLockRunning
101b4f32	TerminatedCString	OleCreateMenuDescriptor
101b4f4c	TerminatedCString	OleDestroyMenuDescriptor
101b4f68	TerminatedCString	OleTranslateAccelerator
101b4f82	TerminatedCString	IsAccelerator
101b4f90	TerminatedCString	ole32.dll
101b4f9a	TerminatedCString	OLEAUT32.dll
101b4faa	TerminatedCString	WinUsb_QueryPipe
101b4fbe	TerminatedCString	WinUsb_QueryInterfaceSettings
101b4fde	TerminatedCString	WinUsb_SetPipePolicy
101b4ff6	TerminatedCString	WinUsb_GetDescriptor
101b500e	TerminatedCString	WinUsb_WritePipe
101b5022	TerminatedCString	WinUsb_Initialize
101b5036	TerminatedCString	WinUsb_ControlTransfer
101b5050	TerminatedCString	WinUsb_Free
101b505e	TerminatedCString	WinUsb_ReadPipe
101b506e	TerminatedCString	WINUSB.DLL
101b507c	TerminatedCString	HidD_GetHidGuid
101b508e	TerminatedCString	HidD_GetFeature
101b50a0	TerminatedCString	HidD_SetFeature
101b50b2	TerminatedCString	HidD_FreePreparsedData
101b50cc	TerminatedCString	HidD_GetPreparsedData
101b50e4	TerminatedCString	HidP_GetCaps
101b50f2	TerminatedCString	HID.DLL
101b50fc	TerminatedCString	SetupDiDestroyDeviceInfoList
101b511c	TerminatedCString	SetupDiEnumDeviceInterfaces
101b513a	TerminatedCString	SetupDiEnumDeviceInfo
101b5152	TerminatedCString	SetupDiGetDeviceRegistryPropertyW
101b5176	TerminatedCString	SetupDiGetClassDevsW
101b518e	TerminatedCString	SetupDiGetDeviceInterfaceDetailW
101b51b0	TerminatedCString	SETUPAPI.dll
101b51c0	TerminatedCString	BluetoothFindFirstRadio
101b51da	TerminatedCString	BluetoothFindRadioClose
101b51f2	TerminatedCString	bthprops.cpl
101b5202	TerminatedCString	GdiplusShutdown
101b5214	TerminatedCString	GdipAlloc
101b5220	TerminatedCString	GdipFree
101b522c	TerminatedCString	GdiplusStartup
101b523e	TerminatedCString	GdipCloneImage
101b5250	TerminatedCString	GdipDisposeImage
101b5264	TerminatedCString	GdipGetImageGraphicsContext
101b5282	TerminatedCString	GdipGetImageWidth
101b5296	TerminatedCString	GdipGetImageHeight
101b52ac	TerminatedCString	GdipGetImagePixelFormat
101b52c6	TerminatedCString	GdipGetImagePalette
101b52dc	TerminatedCString	GdipGetImagePaletteSize
101b52f6	TerminatedCString	GdipCreateBitmapFromStream
101b5314	TerminatedCString	GdipCreateBitmapFromScan0
101b5330	TerminatedCString	GdipBitmapLockBits
101b5346	TerminatedCString	GdipBitmapUnlockBits
101b535e	TerminatedCString	GdipDeleteGraphics
101b5374	TerminatedCString	GdipDrawImageI
101b5386	TerminatedCString	GdipCreateBitmapFromHBITMAP
101b53a4	TerminatedCString	GdipCreateFromHDC
101b53b8	TerminatedCString	GdipSetInterpolationMode
101b53d4	TerminatedCString	GdipDrawImageRectI
101b53e8	TerminatedCString	gdiplus.dll
101b53f6	TerminatedCString	LresultFromObject
101b540a	TerminatedCString	AccessibleObjectFromWindow
101b5428	TerminatedCString	CreateStdAccessibleObject
101b5442	TerminatedCString	OLEACC.dll
101b5450	TerminatedCString	ImmGetContext
101b5460	TerminatedCString	ImmReleaseContext
101b5474	TerminatedCString	ImmGetOpenStatus
101b5486	TerminatedCString	IMM32.dll
101b5492	TerminatedCString	PlaySoundW
101b549e	TerminatedCString	WINMM.dll
101b54aa	TerminatedCString	OutputDebugStringW
101b54c0	TerminatedCString	RtlUnwind
101b54cc	TerminatedCString	InterlockedFlushSList
101b54e4	TerminatedCString	CreateThread
101b54f4	TerminatedCString	ExitThread
101b5502	TerminatedCString	FreeLibraryAndExitThread
101b551e	TerminatedCString	GetModuleHandleExW
101b5534	TerminatedCString	HeapQueryInformation
101b554c	TerminatedCString	GetCommandLineA
101b555e	TerminatedCString	GetCommandLineW
101b5570	TerminatedCString	GetSystemInfo
101b5580	TerminatedCString	VirtualAlloc
101b5590	TerminatedCString	VirtualQuery
101b55a0	TerminatedCString	SetStdHandle
101b55b0	TerminatedCString	GetFileType
101b55be	TerminatedCString	ExitProcess
101b55cc	TerminatedCString	GetStdHandle
101b55dc	TerminatedCString	LCMapStringW
101b55ec	TerminatedCString	GetTimeZoneInformation
101b5606	TerminatedCString	GetConsoleCP
101b5616	TerminatedCString	GetConsoleMode
101b5628	TerminatedCString	SetFilePointerEx
101b563c	TerminatedCString	FindFirstFileExW
101b5650	TerminatedCString	FindNextFileW
101b5660	TerminatedCString	IsValidCodePage
101b5672	TerminatedCString	GetACP
101b567c	TerminatedCString	GetOEMCP
101b5688	TerminatedCString	GetCPInfo
101b5694	TerminatedCString	GetEnvironmentStringsW
101b56ae	TerminatedCString	FreeEnvironmentStringsW
101b56c8	TerminatedCString	SetEnvironmentVariableW
101b56e2	TerminatedCString	GetStringTypeW
101b56f4	TerminatedCString	WriteConsoleW
101b63f0	unicode	Apartment
101b747a	string	abcdefghijklmnopqrstuvwxyz
101b749a	string	ABCDEFGHIJKLMNOPQRSTUVWXYZ
101b7689	string	abcdefghijklmnopqrstuvwxyz
101b76a9	string	ABCDEFGHIJKLMNOPQRSTUVWXYZ
101b78b8	char[20]	.?AVCAfxStringMgr@@
101b78d4	char[20]	.PAVCException@@
101b78f0	char[24]	.PAVCMemoryException@@
101b7910	char[16]	.?AVCObject@@
101b7928	char[20]	.?AVCException@@
101b7944	char[24]	.?AVCSimpleException@@
101b7964	char[24]	.?AVCMemoryException@@
101b7984	char[32]	.?AVCNotSupportedException@@
101b79ac	char[28]	.?AVCInvalidArgException@@
101b79d0	char[24]	.PAVCSimpleException@@
101b79f0	char[16]	.PAVCObject@@
101b7a08	char[8]	.PAX
101b7a18	char[32]	.PAVCNotSupportedException@@
101b7a40	char[28]	.PAVCInvalidArgException@@
101b7a64	char[20]	.?AVCOleException@@
101b7a80	char[20]	.PAVCOleException@@
101b7a9c	char[24]	.?AVCNoTrackObject@@
101b7abc	char[20]	.?AUCThreadData@@
101b7ad8	char[32]	.?AVAFX_MODULE_THREAD_STATE@@
101b7b00	char[24]	.?AVAFX_MODULE_STATE@@
101b7b20	char[24]	.?AV_AFX_THREAD_STATE@@
101b7b40	char[32]	.?AV_AFX_BASE_MODULE_STATE@@
101b7b68	char[20]	.?AVCCmdTarget@@
101b7b84	char[20]	.?AVCHandleMap@@
101b7ba0	char[24]	.?AVCArchiveException@@
101b7bc0	char[24]	.PAVCArchiveException@@
101b7be0	char[16]	.?AUIUnknown@@
101b7bf8	char[16]	.?AVCPtrList@@
101b7c10	char[20]	.?AVCMapPtrToPtr@@
101b7c2c	char[28]	.?AVCResourceException@@
101b7c50	char[24]	.?AVCUserException@@
101b7c70	char[20]	.?AVCGdiObject@@
101b7c8c	char[12]	.?AVCPen@@
101b7ca0	char[16]	.?AVCBrush@@
101b7cb8	char[16]	.?AVCBitmap@@
101b7cd0	char[28]	.PAVCResourceException@@
101b7cf4	char[24]	.PAVCUserException@@
101b7d14	char[12]	.?AVCDC@@
101b7d28	char[16]	.?AVCClientDC@@
101b7d40	char[16]	.?AVCWindowDC@@
101b7d58	char[16]	.?AVCPaintDC@@
101b7d70	char[16]	.?AVCCmdUI@@
101b7d88	char[12]	.?AVCWnd@@
101b7d9c	char[32]	.?AVCComObjectRootBase@ATL@@
101b7dc4	char[16]	.?AUIDispatch@@
101b7ddc	char[20]	.?AUIOleWindow@@
101b7df8	char[24]	.?AUIAccessibleProxy@@
101b7e18	char[20]	.?AUIAccessible@@
101b7e34	char[24]	.?AVXAccessible@CWnd@@
101b7e54	char[32]	.?AVXAccessibleServer@CWnd@@
101b7e7c	char[28]	.?AV_AFX_HTMLHELP_STATE@@
101b7ea0	char[28]	.?AVCAccessibleProxy@ATL@@
101b7ec8	char[60]	.?AV?$CComObjectRootEx@VCComSingleThreadModel@ATL@@@ATL@@
101b7f10	char[60]	.?AV?$IAccessibleProxyImpl@VCAccessibleProxy@ATL@@@ATL@@
101b7f54	char[20]	.?AVCTestCmdUI@@
101b7f70	char[56]	.?AV?$CComObjectNoLock@VCAccessibleProxy@ATL@@@ATL@@
101b7fb0	char[20]	.?AVCByteArray@@
101b7fcc	char[24]	.?AVCFileException@@
101b7fec	char[12]	.?AVCFile@@
101b8000	char[12]	.?AVCRgn@@
101b8014	char[12]	.?AVCFont@@
101b8028	char[12]	.?AVCMenu@@
101b803c	char[28]	.?AVCChevronOwnerDrawMenu@@
101b8060	char[24]	.?AV_AFX_D2D_STATE@@
101b8080	char[48]	.?AV?$CList@PAUAFX_DYNAMIC_LAYOUT_ITEM@@PAU1@@@
101b80b8	char[52]	.?AV?$CList@UItem@CMFCDynamicLayoutData@@AAU12@@@
101b80f4	char[24]	.?AVCMFCDynamicLayout@@
101b8114	char[16]	.?AVCDialog@@
101b812c	char[24]	.?AVCPropertySheet@@
101b814c	char[20]	.?AVCPropertyPage@@
101b8168	char[52]	.?AV?$CArray@W4LoadArrayObjType@CArchive@@ABW412@@@
101b81a4	char[24]	.PAVCFileException@@
101b81c4	char[16]	.?AVCObList@@
101b81dc	char[28]	.?AVCMFCControlContainer@@
101b8200	char[16]	.?AVCListBox@@
101b8218	char[16]	.?AVCTreeCtrl@@
101b8230	char[28]	.?AVCMFCOutlookBarPane@@
101b8254	char[20]	.?AVCMFCToolBar@@
101b8270	char[24]	.?AVCMFCBaseToolBar@@
101b8290	char[12]	.?AVCPane@@
101b82a4	char[16]	.?AVCBasePane@@
101b82bc	char[20]	.?AVCMFCTabCtrl@@
101b82d8	char[24]	.?AVCMFCBaseTabCtrl@@
101b82f8	char[12]	.?AVCView@@
101b830c	char[20]	.?AVCScrollView@@
101b8328	char[24]	.?AVCMFCPropertyPage@@
101b8348	char[16]	.?AVCPtrArray@@
101b8360	char[28]	.?AU_AFX_PROPPAGEFONTINFO@@
101b8384	char[20]	.?AVCCommonDialog@@
101b83a0	char[24]	.?AUIFileDialogEvents@@
101b83c0	char[32]	.?AUIFileDialogControlEvents@@
101b83e8	char[20]	.?AVCFileDialog@@
101b8404	char[36]	.?AVXFileDialogEvents@CFileDialog@@
101b8430	char[44]	.?AVXFileDialogControlEvents@CFileDialog@@
101b8464	char[16]	.?AVCObArray@@
101b847c	char[20]	.?AVCMapWordToOb@@
101b8498	char[16]	.?AVCButton@@
101b84b0	char[20]	.?AVCMFCButton@@
101b84cc	char[16]	.?AVCPalette@@
101b84e4	char[24]	.?AVCMFCColorButton@@
101b8504	char[28]	.?AVCMFCColorPopupMenu@@
101b8528	char[20]	.?AVCMFCPopupMenu@@
101b8544	char[20]	.?AVCMiniFrameWnd@@
101b8560	char[16]	.?AVCFrameWnd@@
101b8578	char[20]	.?AV?$CArray@KK@@
101b8594	char[20]	.?AV?$CList@KK@@
101b85b0	char[12]	.?AVCEdit@@
101b85c4	char[28]	.?AVCMFCEditBrowseCtrl@@
101b85e8	char[16]	.?AVCComboBox@@
101b8600	char[20]	.?AVCMFCFontInfo@@
101b861c	char[24]	.?AVCMFCFontComboBox@@
101b863c	char[20]	.?AVCMFCLinkCtrl@@
101b8658	char[24]	.?AVCMFCMaskedEdit@@
101b8678	char[24]	.?AVCMFCMenuButton@@
101b8698	char[20]	.?AVCScrollBar@@
101b86b4	char[28]	.?AVCMFCPropertyGridCtrl@@
101b86d8	char[52]	.?AV?$CList@PAVCMFCPropertyGridProperty@@PAV1@@@
101b8714	char[16]	.?AVCListCtrl@@
101b872c	char[24]	.?AVCMFCShellListCtrl@@
101b874c	char[20]	.?AVCMFCListCtrl@@
101b8768	char[24]	.?AVCMFCShellTreeCtrl@@
101b8788	char[36]	.?AV?$CList@PAU_ITEMIDLIST@@PAU1@@@
101b87b4	char[16]	.?AVCStatic@@
101b87cc	char[24]	.?AVCVSListBoxBase@@
101b87ec	char[36]	.?AV?$CList@PAVCMFCButton@@PAV1@@@
101b8818	char[20]	.?AV?$CMap@HHII@@
101b8834	char[28]	.?AVCVSListBoxEditCtrl@@
101b8858	char[20]	.?AVCVSListBox@@
101b8874	char[24]	.?AVCSpinButtonCtrl@@
101b8894	char[20]	.?AVCHeaderCtrl@@
101b88b0	char[20]	.?AVCRichEditCtrl@@
101b88cc	char[20]	.?AVCImageList@@
101b88e8	char[16]	.?AVCMemDC@@
101b8900	char[24]	.?AVCCriticalSection@@
101b8920	char[20]	.?AVCSyncObject@@
101b893c	char[28]	.?AVGdiplusBase@Gdiplus@@
101b8960	char[24]	.?AVBitmap@Gdiplus@@
101b8980	char[20]	.?AVImage@Gdiplus@@
101b899c	char[20]	.?AVCImage@ATL@@
101b89b8	char[20]	.?AV?$CList@II@@
101b89d4	char[36]	.?AV?$CList@PAUHINSTANCE__@@PAU1@@@
101b8a00	char[20]	.?AV?$CMap@IIHH@@
101b8a1c	char[24]	.?AVCMFCToolBarImages@@
101b8a3c	char[16]	.?AVCPngImage@@
101b8a54	char[24]	.?AVCMFCZoomKernel@@
101b8a74	char[20]	.?AVCDialogImpl@@
101b8a90	char[28]	.?AVCMFCBaseVisualManager@@
101b8ab4	char[24]	.?AVCMFCVisualManager@@
101b8ad4	char[32]	.?AV?$CList@UtagPOINT@@U1@@@
101b8afc	char[48]	.?AV?$CMap@IAAIPAVCMFCToolBarButton@@AAPAV1@@@
101b8b34	char[24]	.?AVCMFCToolBarCmdUI@@
101b8b54	char[24]	.?AVCMFCTabDropTarget@@
101b8b74	char[24]	.?AVCOleDropTarget@@
101b8b94	char[20]	.?AVCMFCTabInfo@@
101b8bb0	char[20]	.?AV?$CArray@HH@@
101b8bcc	char[36]	.?AV?$CMap@PAUHICON__@@PAU1@HH@@
101b8bf8	char[40]	.?AV?$CList@UCMFCRestoredTabInfo@@U1@@@
101b8c28	char[24]	.?AVCMFCOutlookBar@@
101b8c48	char[24]	.?AVCBaseTabbedPane@@
101b8c68	char[20]	.?AVCDockablePane@@
101b8c84	char[20]	.?AVCMFCTabButton@@
101b8ca0	char[32]	.?AV?$CList@PAUHWND__@@PAU1@@@
101b8cc8	char[36]	.?AV?$CMap@IIPAUHICON__@@PAU1@@@
101b8cf4	char[28]	.?AV_AFX_MOUSEANCHORWND@@
101b8d18	char[20]	.?AVCStringList@@
101b8d34	char[20]	.?AVCToolTipCtrl@@
101b8d50	char[24]	.?AVCDrawingManager@@
101b8d70	char[20]	.?AVCTagManager@@
101b8d8c	char[20]	.?AVCMFCShadowWnd@@
101b8da8	char[32]	.?AV?$CArray@PAUHWND__@@PAU1@@@
101b8dd0	char[48]	.?AV?$CTypedPtrArray@VCObArray@@PAVCBitmap@@@@
101b8e08	char[20]	.?AVCMFCColorBar@@
101b8e24	char[24]	.?AVCMFCPopupMenuBar@@
101b8e44	char[32]	.?AVCMFCToolBarColorButton@@
101b8e6c	char[24]	.?AVCMFCToolBarButton@@
101b8e90	char[84]	.?AV?$CMap@KKV?$CStringT@_WV?$StrTraitMFC@_WV?$ChTraitsCRT@_W@ATL@@@@@ATL@@PB_W@@
101b8eec	char[24]	.?AVCMFCColorBarCmdUI@@
101b8f0c	char[32]	.?AVCMFCToolBarComboBoxButton@@
101b8f34	char[32]	.?AVCMFCToolBarComboBoxEdit@@
101b8f5c	char[32]	.?AVCMFCToolBarFontComboBox@@
101b8f84	char[36]	.?AVCMFCToolBarFontSizeComboBox@@
101b8fb0	char[28]	.?AVCMFCControlBarImpl@@
101b8fd4	char[24]	.?AVCMFCHeaderCtrl@@
101b8ff4	char[20]	.?AV?$CMap@HHHH@@
101b9010	char[36]	.?AVCMFCPropertyGridToolTipCtrl@@
101b903c	char[28]	.?AVCMFCSpinButtonCtrl@@
101b9060	char[28]	.?AVCMFCAcceleratorKey@@
101b9084	char[16]	.?AVCMenuHash@@
101b909c	char[44]	.?AV?$CMap@PAUHMENU__@@AAPAU1@PAXAAPAX@@
101b90d0	char[24]	.?AVCCommandManager@@
101b90f0	char[36]	.?AVCMFCVisualManagerBitmapCache@@
101b9120	char[68]	.?AVCMFCVisualManagerBitmapCacheItem@CMFCVisualManagerBitmapCache@@
101b9170	char[88]	.?AV?$CArray@PAVCMFCVisualManagerBitmapCacheItem@CMFCVisualManagerBitmapCache@@PAV12@@@
101b91d0	char[28]	.?AV?$CArray@VCSize@@V1@@@
101b91f4	char[36]	.?AVCMFCVisualManagerOffice2007@@
101b9220	char[36]	.?AVCMFCVisualManagerOffice2003@@
101b924c	char[32]	.?AVCMFCVisualManagerOfficeXP@@
101b9274	char[32]	.?AV?$CMap@PAUHWND__@@PAU1@HH@@
101b929c	char[20]	.?AVCPaneFrameWnd@@
101b92b8	char[32]	.?AV?$CMap@IIPAUHWND__@@PAU1@@@
101b92e0	char[24]	.?AVCDockingManager@@
101b9300	char[24]	.?AVCSmartDockingInfo@@
101b9320	char[20]	.?AV?$CList@IAAI@@
101b933c	char[56]	.?AV?$CList@UAFX_AUTOHIDE_DOCKSITE_SAVE_INFO@@AAU1@@@
101b937c	char[36]	.?AV?$CList@PAUHWND__@@AAPAU1@@@
101b93a8	char[32]	.?AV?$CMap@IIPAVCPane@@PAV1@@@
101b93d0	char[20]	.?AVCFrameWndEx@@
101b93ec	char[24]	.?AVCMDIFrameWndEx@@
101b940c	char[20]	.?AVCMDIFrameWnd@@
101b9428	char[24]	.?AVCOleIPFrameWndEx@@
101b9448	char[24]	.?AVCOleIPFrameWnd@@
101b9468	char[28]	.?AVCOleDocIPFrameWndEx@@
101b948c	char[24]	.?AVCOleDocIPFrameWnd@@
101b94ac	char[24]	.?AVCMDIChildWndEx@@
101b94cc	char[20]	.?AVCMDIChildWnd@@
101b94e8	char[24]	.?AVCMDITabProxyWnd@@
101b9508	char[20]	.?AV?$CMap@IIII@@
101b9524	char[28]	.?AVCOleCntrFrameWndEx@@
101b9548	char[24]	.?AVCOleCntrFrameWnd@@
101b9568	char[24]	.?AVCDockingPanesRow@@
101b9588	char[24]	.?AVCSettingsStore@@
101b95a8	char[20]	.?AVCGlobalUtils@@
101b95c4	char[28]	.?AVCMultiPaneFrameWnd@@
101b95e8	char[28]	.?AVCDockablePaneAdapter@@
101b960c	char[32]	.?AVCRecentPaneContainerInfo@@
101b9634	char[28]	.?AVCRecentDockSiteInfo@@
101b9658	char[24]	.?AVCMFCDragFrameImpl@@
101b9678	char[28]	.?AVCDummyDockablePane@@
101b969c	char[16]	.?AVCDockSite@@
101b96b4	char[28]	.?AVCSmartDockingManager@@
101b96d8	char[20]	.?AVCTabbedPane@@
101b96f4	char[32]	.?AVCMFCBaseAccessibleObject@@
101b971c	char[44]	.?AVXAccessible@CMFCBaseAccessibleObject@@
101b9750	char[28]	.?AVCMFCRibbonBaseElement@@
101b9774	char[28]	.?AVCMFCRibbonSeparator@@
101b9798	char[24]	.?AVCMFCRibbonButton@@
101b97b8	char[48]	.?AV?$CArray@PAVCMFCRibbonBaseElement@@PAV1@@@
101b97f0	char[24]	.?AVCMFCRibbonPanel@@
101b9810	char[32]	.?AVCMFCRibbonLaunchButton@@
101b9838	char[36]	.?AVCMFCRibbonDefaultPanelButton@@
101b9864	char[28]	.?AVCMFCRibbonCategory@@
101b9888	char[20]	.?AVCMFCRibbonTab@@
101b98a4	char[28]	.?AVCRibbonCategoryScroll@@
101b98c8	char[44]	.?AV?$CArray@PAVCMFCRibbonPanel@@PAV1@@@
101b98fc	char[20]	.?AVCControlBar@@
101b9918	char[32]	.?AVCMFCOutlookBarPaneButton@@
101b9940	char[28]	.?AVCMFCToolBarMenuButton@@
101b9964	char[24]	.?AVCMFCShowAllButton@@
101b9984	char[24]	.?AVCMFCCaptionBar@@
101b99a4	char[28]	.?AVCMFCAutoHideButton@@
101b99c8	char[20]	.?AVCFrameImpl@@
101b99e4	char[36]	.?AV?$CList@PAVCFrameWnd@@PAV1@@@
101b9a10	char[32]	.?AVCMFCRibbonRichEditCtrl@@
101b9a38	char[32]	.?AVCMFCRibbonSpinButtonCtrl@@
101b9a60	char[24]	.?AVCMFCRibbonEdit@@
101b9a80	char[16]	.?AVCMemFile@@
101b9a98	char[20]	.?AUIDataObject@@
101b9ab4	char[24]	.?AVCOleDataSource@@
101b9ad4	char[36]	.?AVXDataObject@COleDataSource@@
101b9b00	char[24]	.?AVCEnumFormatEtc@@
101b9b20	char[20]	.?AVCEnumArray@@
101b9b3c	char[20]	.?AUIDropSource@@
101b9b58	char[24]	.?AVCOleDropSource@@
101b9b78	char[36]	.?AVXDropSource@COleDropSource@@
101b9ba4	char[16]	.?AVCUserTool@@
101b9bbc	char[28]	.?AVCMFCToolBarDropTarget@@
101b9be0	char[28]	.?AVCMFCToolBarDropSource@@
101b9c04	char[24]	.?AVCMFCCmdUsageCount@@
101b9c24	char[40]	.?AVCMFCToolBarButtonCustomizeDialog@@
101b9c54	char[36]	.?AVCMFCToolBarsCustomizeDialog@@
101b9c80	char[100]	.?AV?$CMap@V?$CStringT@_WV?$StrTraitMFC@_WV?$ChTraitsCRT@_W@ATL@@@@@ATL@@PB_WPAVCObList@@PAV3@@@
101b9cec	char[40]	.?AV?$CList@PAVCPropertyPage@@PAV1@@@
101b9d1c	char[28]	.?AVCMFCCustomizeButton@@
101b9d40	char[20]	.?AVCMFCMenuBar@@
101b9d5c	char[28]	.?AVCHelpComboBoxButton@@
101b9d80	char[36]	.?AVCMFCToolBarSystemMenuButton@@
101b9dac	char[24]	.?AVCMFCDropDownFrame@@
101b9dcc	char[32]	.?AVCMFCDropDownToolbarButton@@
101b9df4	char[28]	.?AVCMFCDropDownToolBar@@
101b9e18	char[36]	.?AVCMFCToolBarMenuButtonsButton@@
101b9e44	char[20]	.?AUIDropTarget@@
101b9e60	char[36]	.?AVXDropTarget@COleDropTarget@@
101b9e90	char[60]	.?AV?$CTypedPtrArray@VCObArray@@PAVCMFCCaptionButton@@@@
101b9ed4	char[24]	.?AVCMDIClientAreaWnd@@
101b9ef4	char[48]	.?AV?$CMap@PAVCWnd@@PAV1@PAVCImageList@@PAV2@@@
101b9f2c	char[40]	.?AV?$CList@PAVCMDIChildWndEx@@PAV1@@@
101b9f5c	char[28]	.?AVCMFCOutlookBarTabCtrl@@
101b9f80	char[36]	.?AVCMFCOutlookBarScrollButton@@
101b9fac	char[28]	.?AVCMFCOutlookBarToolBar@@
101b9fd0	char[28]	.?AVCOutlookOptionsDlg@@
101b9ff4	char[32]	.?AVCOutlookCustomizeButton@@
101ba01c	char[32]	.?AVCMFCOutlookBarPaneAdapter@@
101ba044	char[24]	.?AVCMapStringToPtr@@
101ba064	char[24]	.?AVCMFCToolTipCtrl@@
101ba084	char[20]	.?AVCStringArray@@
101ba0a0	char[28]	.?AVCMFCControlRenderer@@
101ba0c4	char[28]	.?AVCMFCShadowRenderer@@
101ba0e8	char[36]	.?AVCMFCToolBarsMenuPropertyPage@@
101ba114	char[16]	.?AVCDialogEx@@
101ba12c	char[32]	.?AVCMFCCustomizeMenuButton@@
101ba154	char[28]	.?AVCMFCRibbonMiniToolBar@@
101ba178	char[28]	.?AVCMFCRibbonPanelMenu@@
101ba19c	char[16]	.?AVCDockBar@@
101ba1b4	char[24]	.?AVCMiniDockFrameWnd@@
101ba1d4	char[20]	.?AVCColorDialog@@
101ba1f0	char[24]	.?AV_AFX_COLOR_STATE@@
101ba210	char[24]	.?AVCMFCColorDialog@@
101ba230	char[20]	.?AVCScreenWnd@@
101ba24c	char[28]	.?AVCMFCRibbonColorButton@@
101ba270	char[24]	.?AVCMFCRibbonGallery@@
101ba290	char[32]	.?AVCMFCRibbonColorMenuButton@@
101ba2b8	char[20]	.?AV?$CArray@JJ@@
101ba2d4	char[28]	.?AVCMFCColorMenuButton@@
101ba2f8	char[20]	.?AV?$CMap@IIKK@@
101ba314	char[20]	.?AVCPrintDialog@@
101ba330	char[20]	.?AVCDockState@@
101ba34c	char[20]	.?AVCMouseManager@@
101ba368	char[84]	.?AV?$CMap@V?$CStringT@_WV?$StrTraitMFC@_WV?$ChTraitsCRT@_W@ATL@@@@@ATL@@PB_WHH@@
101ba3c4	char[24]	.?AVCMFCCaptionButton@@
101ba3e4	char[28]	.?AVCMFCCaptionButtonEx@@
101ba408	char[28]	.?AVCMFCRibbonGalleryIcon@@
101ba42c	char[28]	.?AVCMFCTasksPaneFrameWnd@@
101ba450	char[36]	.?AVCMFCRibbonQuickAccessToolBar@@
101ba47c	char[32]	.?AVCMFCRibbonButtonsGroup@@
101ba4a4	char[44]	.?AVCMFCRibbonQuickAccessCustomizeButton@@
101ba4d8	char[20]	.?AV?$CArray@II@@
101ba4f4	char[52]	.?AV?$CArray@PAVCMFCRibbonContextCaption@@PAV1@@@
101ba530	char[24]	.?AVCMFCRibbonCmdUI@@
101ba550	char[44]	.?AV?$CArray@PAVCMFCRibbonKeyTip@@PAV1@@@
101ba584	char[32]	.?AVCMFCRibbonCaptionButton@@
101ba5ac	char[32]	.?AVCMFCDisableMenuAnimation@@
101ba5d4	char[32]	.?AVCMFCRibbonRecentFilesList@@
101ba5fc	char[28]	.?AVCMFCRibbonMainPanel@@
101ba620	char[32]	.?AVCMFCRibbonPanelMenuBar@@
101ba648	char[28]	.?AVCMFCCaptionMenuButton@@
101ba66c	char[24]	.?AVCMFCAutoHideBar@@
101ba68c	char[24]	.?AVCPaneContainer@@
101ba6ac	char[20]	.?AVCPaneDivider@@
101ba6c8	char[24]	.?AVCPaneTrackingWnd@@
101ba6e8	char[28]	.?AVCPaneContainerManager@@
101ba70c	char[24]	.?AVCAutoHideDockSite@@
101ba72c	char[24]	.?AVCFullScreenImpl@@
101ba74c	char[16]	.?AVCDocItem@@
101ba764	char[32]	.?AVCMFCPrintPreviewToolBar@@
101ba78c	char[24]	.?AVCPreviewViewEx@@
101ba7ac	char[20]	.?AVCPreviewView@@
101ba7c8	char[20]	.?AVCUIntArray@@
101ba7e4	char[40]	.?AVCSmartDockingStandaloneGuideWnd@@
101ba814	char[36]	.?AVCSmartDockingStandaloneGuide@@
101ba840	char[40]	.?AVCSmartDockingGroupGuidesManager@@
101ba870	char[36]	.?AVCSmartDockingGroupGuidesWnd@@
101ba89c	char[32]	.?AVCSmartDockingGroupGuide@@
101ba8c4	char[36]	.?AVCSmartDockingHighlighterWnd@@
101ba8f0	char[40]	.?AV?$CArray@VCVariantBoolPair@@ABV1@@@
101ba920	char[24]	.?AVCOleDispatchImpl@@
101ba940	char[24]	.?AVCMFCRibbonKeyTip@@
101ba960	char[24]	.?AVCMFCRibbonLabel@@
101ba980	char[28]	.?AVCMFCRibbonUndoButton@@
101ba9a4	char[24]	.?AVCRibbonUndoLabel@@
101ba9c4	char[28]	.?AV_AFX_RICHEDIT_STATE@@
101ba9e8	char[24]	.?AV_AFX_EDIT_STATE@@
101baa08	char[24]	.?AVCOleStreamFile@@
101baa28	char[20]	.?AVCSharedFile@@
101baa44	char[16]	.?AUIEnumVOID@@
101baa5c	char[28]	.?AVXEnumVOID@CEnumArray@@
101baa80	char[24]	.?AV_AFX_OLE_STATE@@
101baaa0	char[36]	.?AVCMFCToolBarButtonsListButton@@
101baacc	char[28]	.?AVCMFCImagePaintArea@@
101baaf0	char[28]	.?AVCMFCImageEditorDialog@@
101bab14	char[32]	.?AVCMFCImageEditorPaletteBar@@
101bab3c	char[40]	.?AVCMFCToolBarsCommandsPropertyPage@@
101bab6c	char[36]	.?AVCMFCToolBarsListPropertyPage@@
101bab98	char[36]	.?AVCMFCToolBarsToolsPropertyPage@@
101babc4	char[24]	.?AVCVSToolsListBox@@
101babe4	char[28]	.?AVCMFCMousePropertyPage@@
101bac08	char[40]	.?AVCMFCToolBarsKeyboardPropertyPage@@
101bac38	char[40]	.?AVCMFCToolBarsOptionsPropertyPage@@
101bac68	char[28]	.?AV_AFX_CHECKLIST_STATE@@
101bac8c	char[20]	.?AV?$CArray@HABH@@
101baca8	char[20]	.?AVCCheckListBox@@
101bacc4	char[32]	.?AVCMFCToolBarsListCheckBox@@
101bacec	char[28]	.?AVCMFCColorPickerCtrl@@
101bad10	char[16]	.?AVCCellObj@@
101bad28	char[40]	.?AVCMFCStandardColorsPropertyPage@@
101bad58	char[36]	.?AVCMFCCustomColorsPropertyPage@@
101bad84	char[32]	.?AVCMFCColorPropertySheet@@
101badac	char[32]	.?AVCMFCToolBarEditBoxButton@@
101badd4	char[28]	.?AVCMFCToolBarEditCtrl@@
101badf8	char[52]	.?AV?$CMap@IIPAVCMFCRibbonStatusBarPane@@PAV1@@@
101bae34	char[20]	.?AVCMFCTasksPane@@
101bae50	char[32]	.?AVCMFCTasksPanePropertyPage@@
101bae78	char[28]	.?AVCMFCTasksPaneToolBar@@
101bae9c	char[32]	.?AVCTasksPaneNavigateButton@@
101baec4	char[32]	.?AVCTasksPaneHistoryButton@@
101baeec	char[28]	.?AVCTasksPaneMenuButton@@
101baf10	char[32]	.?AVCMFCTasksPaneToolBarCmdUI@@
101baf38	char[36]	.?AVCMFCToolBarsCommandsListBox@@
101baf64	char[28]	.?AVCMFCToolBarNameDialog@@
101baf88	char[36]	.?AVCMFCAcceleratorKeyAssignCtrl@@
101bafb4	char[16]	.?AVtype_info@@
101bafcc	char[24]	.?AVbad_exception@std@@
101bafec	char[20]	.?AVexception@std@@
101bb008	char[24]	.?AUIAtlStringMgr@ATL@@
101c0102	TerminatedUnicode	StringFileInfo
101c0126	TerminatedUnicode	040904b0
101c013e	TerminatedUnicode	CompanyName
101c0158	TerminatedUnicode	TODO: <Company name>
101c018a	TerminatedUnicode	FileDescription
101c01ac	TerminatedUnicode	TODO: <File description>
101c01e6	TerminatedUnicode	FileVersion
101c0200	TerminatedUnicode	1.0.0.21
101c021a	TerminatedUnicode	InternalName
101c0234	TerminatedUnicode	FWUpdate.dll
101c0256	TerminatedUnicode	LegalCopyright
101c0274	TerminatedUnicode	Copyright (C) 2017
101c02a2	TerminatedUnicode	OriginalFilename
101c02c4	TerminatedUnicode	FWUpdate.dll
101c02e6	TerminatedUnicode	ProductName
101c0300	TerminatedUnicode	TODO: <Product name>
101c0332	TerminatedUnicode	ProductVersion
101c0350	TerminatedUnicode	1.0.0.21
101c036a	TerminatedUnicode	VarFileInfo
101c038a	TerminatedUnicode	Translation
101c03a8	TerminatedCString	���<?xml version="1.0" encoding="UTF-8" standalone="yes"?>\r\n<assembly xmlns="urn:schemas-microsoft-com:asm.v1" manifestVersion="1.0"><trustInfo xmlns="urn:schemas-microsoft-com:asm.v3"><security><requestedPrivileges><requestedExecutionLevel level="requireAdministrator" uiAccess="false"></requestedExecutionLevel></requestedPrivileges></security></trustInfo><application xmlns="urn:schemas-microsoft-com:asm.v3"><windowsSettings><dpiAware xmlns="http://schemas.microsoft.com/SMI/2005/WindowsSettings">true</dpiAware></windowsSettings></application></assembly>
ffdff1ac	uchar[36]	
ffdffc00	wchar16[261]	
